arm,k,question_id,type,metric,value
vector,50,ActionGenie::a::0,person,context_precision_id,0.02
vector,50,ActionGenie::a::0,person,context_recall_id,0.058823529411764705
vector,50,ActionGenie::a::0,person,string_similarity,0.09769094138543521
vector,50,ActionGenie::a::0,person,rouge,0.0
vector,50,ActionGenie::a::0,person,chrf,0.05683181271187924
vector,50,ActionGenie::a::0,person,bleu,0.0
vector,50,ActionGenie::a::0,person,exact_match,0.0
vector,50,ActionGenie::a::0,person,string_presence,0.0
vector,50,AnomalyForce::a::0,content,bleu,0.010393786935244427
vector,50,AnomalyForce::a::0,content,string_similarity,0.20038350910834135
vector,50,AnomalyForce::a::0,content,context_precision_id,0.1
vector,50,AnomalyForce::a::0,content,context_recall_id,0.38461538461538464
vector,50,ActionGenie::a::0,person,context_recall_nonllm,0.11764705882352941
vector,50,ActionGenie::a::0,person,context_precision_nonllm,0.10795454544914773
vector,50,AnomalyForce::a::0,content,rouge,0.16267942583732056
vector,50,AnomalyForce::a::0,content,context_recall_nonllm,0.38461538461538464
vector,50,AnomalyForce::a::0,content,context_precision_nonllm,0.38532415267077924
vector,50,AnomalyForce::a::0,content,chrf,0.37005302386517447
vector,50,AnomalyForce::a::0,content,string_presence,0.0
vector,50,AnomalyForce::a::0,content,exact_match,0.0
vector,50,AutoTuneForce::a::0,person,context_precision_id,0.0
vector,50,AutoTuneForce::a::0,person,bleu,0.0
vector,50,AutoTuneForce::a::0,person,string_similarity,0.03431372549019607
vector,50,AutoTuneForce::a::0,person,context_recall_id,0.0
vector,50,AutoTuneForce::a::0,person,context_precision_nonllm,0.0
vector,50,AutoTuneForce::a::0,person,rouge,0.02631578947368421
vector,50,AutoTuneForce::a::0,person,exact_match,0.0
vector,50,AutoTuneForce::a::0,person,string_presence,0.0
vector,50,AutoTuneForce::a::0,person,chrf,0.045959052349090125
vector,50,CoachForce::a::5,pr,context_precision_id,0.18
vector,50,AutoTuneForce::a::0,person,context_recall_nonllm,0.0
vector,50,CoachForce::a::5,pr,bleu,0.2547535838707676
vector,50,CoachForce::a::5,pr,context_recall_id,0.34615384615384615
vector,50,CoachForce::a::5,pr,string_similarity,0.0803571428571429
vector,50,CoachForce::a::5,pr,rouge,0.14893617021276595
vector,50,CoachForce::a::5,pr,string_presence,0.0
vector,50,CoachForce::a::5,pr,exact_match,0.0
vector,50,CoachForce::a::5,pr,chrf,0.3127888546310109
vector,50,CoachForce::a::5,pr,context_precision_nonllm,0.5779997329013533
vector,50,CollaborateForce::a::1,content,context_precision_id,0.02
vector,50,CollaborateForce::a::1,content,context_recall_id,0.08333333333333333
vector,50,CollaborateForce::a::1,content,rouge,0.15267175572519082
vector,50,CollaborateForce::a::1,content,bleu,0.016640851904772224
vector,50,CollaborateForce::a::1,content,string_similarity,0.21875
vector,50,CollaborateForce::a::1,content,string_presence,0.0
vector,50,CollaborateForce::a::1,content,exact_match,0.0
vector,50,CoachForce::a::5,pr,context_recall_nonllm,0.34615384615384615
vector,50,CollaborateForce::a::1,content,chrf,0.3091782054074257
vector,50,CollaborateForce::a::1,content,context_recall_nonllm,0.16666666666666666
vector,50,CollaborationForce::a::6,pr,context_precision_id,0.16
vector,50,CollaborationForce::a::6,pr,context_recall_id,0.1702127659574468
vector,50,CollaborateForce::a::1,content,context_precision_nonllm,0.06386054421609055
vector,50,CollaborationForce::a::6,pr,rouge,0.2857142857142857
vector,50,CollaborationForce::a::6,pr,string_similarity,0.20945083014048527
vector,50,CollaborationForce::a::6,pr,bleu,0.2304950429247995
vector,50,CollaborationForce::a::6,pr,exact_match,0.0
vector,50,ConnectForce::a::5,pr,context_precision_id,0.04
vector,50,CollaborationForce::a::6,pr,chrf,0.5214139405943
vector,50,CollaborationForce::a::6,pr,string_presence,0.0
vector,50,ConnectForce::a::5,pr,context_recall_id,0.0625
vector,50,ConnectForce::a::5,pr,string_similarity,0.045128205128205146
vector,50,ConnectForce::a::5,pr,rouge,0.08974358974358974
vector,50,ConnectForce::a::5,pr,bleu,0.005317343965184799
vector,50,CollaborationForce::a::6,pr,context_precision_nonllm,0.7086933282949616
vector,50,ConnectForce::a::5,pr,exact_match,0.0
vector,50,ConnectForce::a::5,pr,chrf,0.20464690956048126
vector,50,ConnectForce::a::5,pr,context_precision_nonllm,0.22017269963858305
vector,50,CollaborationForce::a::6,pr,context_recall_nonllm,0.19148936170212766
vector,50,ConnectForce::a::5,pr,string_presence,0.0
vector,50,ContentForce::a::2,content,context_recall_id,0.16666666666666666
vector,50,ConnectForce::a::5,pr,context_recall_nonllm,0.0625
vector,50,ContentForce::a::2,content,string_similarity,0.16328828828828834
vector,50,ContentForce::a::2,content,context_precision_id,0.04
vector,50,ContentForce::a::2,content,chrf,0.23683008093266647
vector,50,ContentForce::a::2,content,bleu,0.025634249663084568
vector,50,ContentForce::a::2,content,rouge,0.09696969696969697
vector,50,ContentForce::a::2,content,exact_match,0.0
vector,50,ContentForce::a::2,content,context_precision_nonllm,0.1112968729360795
vector,50,ContentForce::a::2,content,context_recall_nonllm,0.16666666666666666
vector,50,ContextForce::a::1,person,context_precision_id,0.0
vector,50,ContentForce::a::2,content,string_presence,0.0
vector,50,ContextForce::a::1,person,string_similarity,0.08143322475570036
vector,50,ContextForce::a::1,person,bleu,0.012089503751329373
vector,50,ContextForce::a::1,person,context_recall_id,0.0
vector,50,ContextForce::a::1,person,rouge,0.03389830508474576
vector,50,ContextForce::a::1,person,string_presence,0.0
vector,50,ContextForce::a::1,person,chrf,0.06844007307532064
vector,50,ContextForce::a::1,person,context_recall_nonllm,0.0
vector,50,EdgeForce::a::2,person,context_recall_id,0.0
vector,50,ContextForce::a::1,person,exact_match,0.0
vector,50,EdgeForce::a::2,person,context_precision_id,0.0
vector,50,ContextForce::a::1,person,context_precision_nonllm,0.0
vector,50,EdgeForce::a::2,person,string_similarity,0.044303797468354444
vector,50,EdgeForce::a::2,person,context_precision_nonllm,0.0
vector,50,EdgeForce::a::2,person,bleu,0.0
vector,50,EdgeForce::a::2,person,rouge,0.037037037037037035
vector,50,EdgeForce::a::2,person,context_recall_nonllm,0.0
vector,50,ExplainabilityForce::a::6,pr,context_recall_id,0.11764705882352941
vector,50,EdgeForce::a::2,person,exact_match,0.0
vector,50,EdgeForce::a::2,person,string_presence,0.0
vector,50,EdgeForce::a::2,person,chrf,0.048044309258524015
vector,50,ExplainabilityForce::a::6,pr,context_precision_id,0.04
vector,50,ExplainabilityForce::a::6,pr,string_similarity,0.061026352288488184
vector,50,ExplainabilityForce::a::6,pr,chrf,0.25261704338032753
vector,50,ExplainabilityForce::a::6,pr,rouge,0.11320754716981131
vector,50,ExplainabilityForce::a::6,pr,bleu,0.23719227604430487
vector,50,ExplainabilityForce::a::6,pr,exact_match,0.0
vector,50,ExplainabilityForce::a::6,pr,context_recall_nonllm,0.11764705882352941
vector,50,ExplainabilityForce::a::6,pr,string_presence,0.0
vector,50,FeedbackForce::a::5,content,context_precision_id,0.04
vector,50,FeedbackForce::a::5,content,context_recall_id,0.05714285714285714
vector,50,FeedbackForce::a::5,content,bleu,0.0098784807693085
vector,50,FeedbackForce::a::5,content,chrf,0.4168023860124704
vector,50,FeedbackForce::a::5,content,string_similarity,0.26136363636363635
vector,50,ExplainabilityForce::a::6,pr,context_precision_nonllm,0.2655462184807563
vector,50,FeedbackForce::a::5,content,rouge,0.20512820512820512
vector,50,FeedbackForce::a::5,content,exact_match,0.0
vector,50,FlowForce::a::3,person,context_recall_id,0.0
vector,50,FeedbackForce::a::5,content,context_precision_nonllm,0.03938484620958364
vector,50,FeedbackForce::a::5,content,string_presence,0.0
vector,50,FeedbackForce::a::5,content,context_recall_nonllm,0.08571428571428572
vector,50,FlowForce::a::3,person,context_recall_nonllm,0.0
vector,50,FlowForce::a::3,person,context_precision_nonllm,0.0
vector,50,FlowForce::a::3,person,bleu,0.010695951901953334
vector,50,FlowForce::a::3,person,string_similarity,0.0402542372881356
vector,50,FlowForce::a::3,person,chrf,0.06973741431636336
vector,50,FlowForce::a::3,person,context_precision_id,0.0
vector,50,FlowForce::a::3,person,rouge,0.04938271604938272
vector,50,FlowForce::a::3,person,exact_match,0.0
vector,50,ForecastForce::a::4,content,context_precision_id,0.0
vector,50,ForecastForce::a::4,content,context_recall_id,0.0
vector,50,FlowForce::a::3,person,string_presence,0.0
vector,50,ForecastForce::a::4,content,bleu,0.002337142273401166
vector,50,ForecastForce::a::4,content,string_similarity,0.15662650602409633
vector,50,ForecastForce::a::4,content,chrf,0.26639387269910003
vector,50,ForecastForce::a::4,content,rouge,0.09821428571428571
vector,50,ForecastForce::a::4,content,string_presence,0.0
vector,50,InsightForce::a::5,content,context_precision_id,0.1
vector,50,ForecastForce::a::4,content,exact_match,0.0
vector,50,InsightForce::a::5,content,context_recall_id,0.17857142857142858
vector,50,InsightForce::a::5,content,string_similarity,0.10461538461538467
vector,50,InsightForce::a::5,content,bleu,0.00971102687268996
vector,50,ForecastForce::a::4,content,context_recall_nonllm,0.0
vector,50,InsightForce::a::5,content,exact_match,0.0
vector,50,InsightForce::a::5,content,string_presence,0.0
vector,50,InsightForce::a::5,content,chrf,0.2794339668922912
vector,50,InsightForce::a::5,content,rouge,0.07692307692307691
vector,50,KnowledgeForce::a::4,content,context_precision_id,0.1
vector,50,KnowledgeForce::a::4,content,context_recall_id,0.38461538461538464
vector,50,KnowledgeForce::a::4,content,context_precision_nonllm,0.2531724980271674
vector,50,ForecastForce::a::4,content,context_precision_nonllm,0.0
vector,50,KnowledgeForce::a::4,content,string_similarity,0.0905321354526607
vector,50,KnowledgeForce::a::4,content,bleu,0.028891619963541715
vector,50,KnowledgeForce::a::4,content,rouge,0.1222707423580786
vector,50,KnowledgeForce::a::4,content,chrf,0.2529247345983873
vector,50,InsightForce::a::5,content,context_precision_nonllm,0.1472874579100031
vector,50,KnowledgeForce::a::4,content,context_recall_nonllm,0.38461538461538464
vector,50,LeadForce::a::5,content,context_precision_id,0.0
vector,50,KnowledgeForce::a::4,content,exact_match,0.0
vector,50,KnowledgeForce::a::4,content,string_presence,0.0
vector,50,LeadForce::a::5,content,context_recall_id,0.0
vector,50,LeadForce::a::5,content,string_similarity,0.2387096774193549
vector,50,InsightForce::a::5,content,context_recall_nonllm,0.17857142857142858
vector,50,LeadForce::a::5,content,bleu,0.02354765352995831
vector,50,LeadForce::a::5,content,chrf,0.2940004907379349
vector,50,LeadForce::a::5,content,rouge,0.0816326530612245
vector,50,MonitorForce::a::5,pr,context_recall_id,0.0625
vector,50,LeadForce::a::5,content,exact_match,0.0
vector,50,LeadForce::a::5,content,string_presence,0.0
vector,50,LeadForce::a::5,content,context_precision_nonllm,0.0
vector,50,MonitorForce::a::5,pr,context_precision_id,0.02
vector,50,MonitorForce::a::5,pr,context_precision_nonllm,0.7499999999625
vector,50,MonitorForce::a::5,pr,string_similarity,0.05791505791505791
vector,50,MonitorForce::a::5,pr,context_recall_nonllm,0.0625
vector,50,MonitorForce::a::5,pr,string_presence,0.0
vector,50,MonitorForce::a::5,pr,exact_match,0.0
vector,50,MonitorForce::a::5,pr,chrf,0.09740574868401891
vector,50,PersonalizeForce::a::7,content,context_precision_id,0.04
vector,50,MonitorForce::a::5,pr,bleu,0.0
vector,50,PersonalizeForce::a::7,content,context_recall_id,0.16666666666666666
vector,50,PersonalizeForce::a::7,content,bleu,0.014072647612067786
vector,50,MonitorForce::a::5,pr,rouge,0.045454545454545456
vector,50,PersonalizeForce::a::7,content,context_precision_nonllm,0.09813097652608918
vector,50,LeadForce::a::5,content,context_recall_nonllm,0.0
vector,50,PersonalizeForce::a::7,content,string_similarity,0.24660194174757277
vector,50,PersonalizeForce::a::7,content,rouge,0.1851851851851852
vector,50,PersonalizeForce::a::7,content,exact_match,0.0
vector,50,PersonalizeForce::a::7,content,context_recall_nonllm,0.16666666666666666
vector,50,PersonalizeForce::a::7,content,chrf,0.29927095399056586
vector,50,PersonalizeForce::a::7,content,string_presence,0.0
vector,50,PitchForce::a::6,content,context_precision_id,0.06
vector,50,PitchForce::a::6,content,context_recall_id,0.03333333333333333
vector,50,PitchForce::a::6,content,string_similarity,0.29051094890510953
vector,50,PitchForce::a::6,content,bleu,0.12354421779202159
vector,50,PitchForce::a::6,content,rouge,0.24752475247524752
vector,50,PitchForce::a::6,content,chrf,0.3838739675932643
vector,50,PitchForce::a::6,content,string_presence,0.0
vector,50,PitchForce::a::6,content,context_precision_nonllm,0.11239316238941596
vector,50,ProposalForce::a::11,content,context_precision_id,0.02
vector,50,ProposalForce::a::11,content,context_recall_id,0.08333333333333333
vector,50,PitchForce::a::6,content,context_recall_nonllm,0.03333333333333333
vector,50,PitchForce::a::6,content,exact_match,0.0
vector,50,ProposalForce::a::11,content,bleu,0.04576653674067186
vector,50,ProposalForce::a::11,content,context_precision_nonllm,0.10262487128641326
vector,50,ProposalForce::a::11,content,chrf,0.3162909844896835
vector,50,ProposalForce::a::11,content,exact_match,0.0
vector,50,ProposalForce::a::11,content,context_recall_nonllm,0.08333333333333333
vector,50,ProposalForce::a::11,content,string_similarity,0.18584070796460173
vector,50,ProposalForce::a::11,content,rouge,0.15819209039548024
vector,50,SearchFlow::a::12,content,context_precision_id,0.16
vector,50,SearchFlow::a::12,content,chrf,0.5509243518285543
vector,50,SearchFlow::a::12,content,string_similarity,0.27244582043343657
vector,50,SearchFlow::a::12,content,rouge,0.2714285714285714
vector,50,SearchFlow::a::12,content,string_presence,0.0
vector,50,ProposalForce::a::11,content,string_presence,0.0
vector,50,SearchFlow::a::12,content,exact_match,0.0
vector,50,SearchForce::a::7,company,context_precision_id,0.0
vector,50,SearchFlow::a::12,content,bleu,0.113561415918096
vector,50,SearchFlow::a::12,content,context_recall_id,0.10256410256410256
vector,50,SearchForce::a::7,company,string_similarity,0.0539083557951483
vector,50,SearchForce::a::7,company,context_recall_id,0.0
vector,50,SearchForce::a::7,company,chrf,0.08525683026132304
vector,50,SearchForce::a::7,company,bleu,0.0
vector,50,SearchForce::a::7,company,rouge,0.0
vector,50,SearchForce::a::7,company,string_presence,0.0
vector,50,SearchForce::a::7,company,exact_match,0.0
vector,50,SearchFlow::a::12,content,context_precision_nonllm,0.45670882935937046
vector,50,SearchForce::a::7,company,context_recall_nonllm,0.0
vector,50,SecurityForce::a::7,content,context_recall_id,0.12658227848101267
vector,50,SecurityForce::a::7,content,context_precision_id,0.2
vector,50,SecurityForce::a::7,content,string_similarity,0.3193612774451098
vector,50,SecurityForce::a::7,content,bleu,0.13967782620976088
vector,50,SecurityForce::a::7,content,chrf,0.5803752159725424
vector,50,SearchFlow::a::12,content,context_recall_nonllm,0.10256410256410256
vector,50,SecurityForce::a::7,content,rouge,0.33858267716535434
vector,50,SecurityForce::a::7,content,string_presence,0.0
vector,50,SecurityForce::a::7,content,exact_match,0.0
vector,50,SentimentForce::a::8,person,context_precision_id,0.06
vector,50,SentimentForce::a::8,person,context_recall_id,0.03296703296703297
vector,50,SearchForce::a::7,company,context_precision_nonllm,0.0
vector,50,SecurityForce::a::7,content,context_precision_nonllm,0.2035128614055631
vector,50,SentimentForce::a::8,person,string_similarity,0.03233830845771146
vector,50,SentimentForce::a::8,person,bleu,0.0
vector,50,SentimentForce::a::8,person,exact_match,0.0
vector,50,SecurityForce::a::7,content,context_recall_nonllm,0.12658227848101267
vector,50,SentimentForce::a::8,person,rouge,0.05970149253731343
vector,50,SentimentForce::a::8,person,context_recall_nonllm,0.04395604395604396
vector,50,SentimentForce::a::8,person,string_presence,0.0
vector,50,SentimentForce::a::8,person,chrf,0.06256894776788328
vector,50,SummarizeForce::a::11,person,context_recall_id,0.0875
vector,50,SummarizeForce::a::11,person,string_similarity,0.048387096774193505
vector,50,SummarizeForce::a::11,person,bleu,0.01934128130734001
vector,50,SentimentForce::a::8,person,context_precision_nonllm,0.3422322775195505
vector,50,SummarizeForce::a::11,person,chrf,0.15377778223932093
vector,50,SummarizeForce::a::11,person,string_presence,0.0
vector,50,SummarizeForce::a::11,person,exact_match,0.0
vector,50,SummarizeForce::a::11,person,context_precision_id,0.14
vector,50,SummarizeForce::a::11,person,context_recall_nonllm,0.1
vector,50,SupportForce::a::5,content,context_recall_id,0.0
vector,50,SupportForce::a::5,content,bleu,0.0024112703453651003
vector,50,SupportForce::a::5,content,context_precision_nonllm,0.0
vector,50,SupportForce::a::5,content,context_recall_nonllm,0.0
vector,50,SupportForce::a::5,content,rouge,0.020100502512562814
vector,50,SupportForce::a::5,content,context_precision_id,0.0
vector,50,SupportForce::a::5,content,chrf,0.1709440322785033
vector,50,TrendForce::a::9,company,context_precision_id,0.04
vector,50,SupportForce::a::5,content,string_presence,0.0
vector,50,SupportForce::a::5,content,exact_match,0.0
vector,50,SummarizeForce::a::11,person,rouge,0.06802721088435375
vector,50,TrendForce::a::9,company,bleu,0.0
vector,50,TrendForce::a::9,company,string_similarity,0.07744874715261962
vector,50,SupportForce::a::5,content,string_similarity,0.10178710178710182
vector,50,TrendForce::a::9,company,context_recall_id,0.022727272727272728
vector,50,TrendForce::a::9,company,exact_match,0.0
vector,50,TrendForce::a::9,company,rouge,0.0
vector,50,TrendForce::a::9,company,chrf,0.08498854319309185
vector,50,VizForce::a::16,url,context_recall_id,0.04597701149425287
vector,50,TrendForce::a::9,company,string_presence,0.0
vector,50,VizForce::a::16,url,context_precision_id,0.08
vector,50,VizForce::a::16,url,string_similarity,0.27969348659003834
vector,50,TrendForce::a::9,company,context_recall_nonllm,0.022727272727272728
vector,50,VizForce::a::16,url,chrf,0.5313109525002001
vector,50,TrendForce::a::9,company,context_precision_nonllm,0.05846153845861539
vector,50,VizForce::a::16,url,exact_match,0.0
vector,50,VizForce::a::16,url,string_presence,0.0
vector,50,WorkFlowGenie::a::11,pr,context_recall_id,0.16666666666666666
vector,50,VizForce::a::16,url,bleu,0.3037050678133966
vector,50,WorkFlowGenie::a::11,pr,context_precision_id,0.08
vector,50,VizForce::a::16,url,rouge,0.39215686274509803
vector,50,SummarizeForce::a::11,person,context_precision_nonllm,0.20363343253713712
vector,50,WorkFlowGenie::a::11,pr,bleu,0.22436571657855098
vector,50,VizForce::a::16,url,context_recall_nonllm,0.04597701149425287
vector,50,WorkFlowGenie::a::11,pr,context_precision_nonllm,0.3001879699173073
vector,50,WorkFlowGenie::a::11,pr,context_recall_nonllm,0.16666666666666666
vector,50,WorkFlowGenie::a::11,pr,string_similarity,0.03963963963963968
vector,50,WorkFlowGenie::a::11,pr,chrf,0.18484416182604646
vector,50,WorkFlowGenie::a::11,pr,rouge,0.08092485549132947
vector,50,WorkFlowGenie::a::11,pr,string_presence,1.0
vector,50,WorkFlowGenie::a::11,pr,exact_match,0.0
vector,50,ActionGenie::a::5,content,context_precision_id,0.16
vector,50,ActionGenie::a::5,content,context_recall_id,0.20512820512820512
vector,50,ActionGenie::a::5,content,string_similarity,0.2316926770708283
vector,50,ActionGenie::a::5,content,bleu,0.013607016614799176
vector,50,ActionGenie::a::5,content,exact_match,0.0
vector,50,ActionGenie::a::5,content,rouge,0.15757575757575756
vector,50,ActionGenie::a::5,content,chrf,0.3584686753047841
vector,50,ActionGenie::a::5,content,string_presence,0.0
vector,50,AnomalyForce::a::17,person,context_precision_id,0.34
vector,50,VizForce::a::16,url,context_precision_nonllm,0.09196111955190564
vector,50,AnomalyForce::a::17,person,context_recall_id,0.12878787878787878
vector,50,AnomalyForce::a::17,person,chrf,0.08546215624531142
vector,50,AnomalyForce::a::17,person,bleu,0.014005547834201399
vector,50,AnomalyForce::a::17,person,rouge,0.04545454545454545
vector,50,ActionGenie::a::5,content,context_precision_nonllm,0.3785714285666964
vector,50,AnomalyForce::a::17,person,string_similarity,0.020270270270270285
vector,50,ActionGenie::a::5,content,context_recall_nonllm,0.20512820512820512
vector,50,AnomalyForce::a::17,person,exact_match,0.0
vector,50,AutoTuneForce::a::12,content,context_recall_id,0.10810810810810811
vector,50,AnomalyForce::a::17,person,string_presence,1.0
vector,50,AutoTuneForce::a::12,content,context_precision_id,0.08
vector,50,AutoTuneForce::a::12,content,string_similarity,0.11480362537764355
vector,50,AutoTuneForce::a::12,content,chrf,0.21966778425592579
vector,50,AutoTuneForce::a::12,content,bleu,0.019146030690102515
vector,50,AutoTuneForce::a::12,content,rouge,0.06493506493506493
vector,50,AutoTuneForce::a::12,content,exact_match,0.0
vector,50,AutoTuneForce::a::12,content,string_presence,0.0
vector,50,AnomalyForce::a::17,person,context_recall_nonllm,0.16666666666666666
vector,50,CoachForce::a::11,pr,context_precision_id,0.08
vector,50,AutoTuneForce::a::12,content,context_precision_nonllm,0.14335228085048896
vector,50,CoachForce::a::11,pr,context_recall_id,0.0975609756097561
vector,50,CoachForce::a::11,pr,string_similarity,0.19683655536028122
vector,50,CoachForce::a::11,pr,bleu,0.18950924765165925
vector,50,AutoTuneForce::a::12,content,context_recall_nonllm,0.1891891891891892
vector,50,CoachForce::a::11,pr,context_precision_nonllm,0.14899036537443683
vector,50,CoachForce::a::11,pr,rouge,0.25925925925925924
vector,50,CoachForce::a::11,pr,chrf,0.4637729022534722
vector,50,CoachForce::a::11,pr,exact_match,0.0
vector,50,CollaborateForce::a::19,pr,context_recall_id,0.19298245614035087
vector,50,AnomalyForce::a::17,person,context_precision_nonllm,0.5063669997075337
vector,50,CoachForce::a::11,pr,string_presence,0.0
vector,50,CollaborateForce::a::19,pr,context_precision_id,0.22
vector,50,CollaborateForce::a::19,pr,string_similarity,0.14304635761589402
vector,50,CollaborateForce::a::19,pr,rouge,0.2096774193548387
vector,50,CollaborateForce::a::19,pr,bleu,0.25031161071368796
vector,50,CollaborateForce::a::19,pr,chrf,0.47812355097205317
vector,50,CollaborateForce::a::19,pr,exact_match,0.0
vector,50,CollaborateForce::a::19,pr,string_presence,0.0
vector,50,CoachForce::a::11,pr,context_recall_nonllm,0.12195121951219512
vector,50,CollaborationForce::a::12,content,context_precision_id,0.0
vector,50,CollaborationForce::a::12,content,context_recall_id,0.0
vector,50,CollaborationForce::a::12,content,string_similarity,0.1282940360610264
vector,50,CollaborationForce::a::12,content,chrf,0.19644110385715755
vector,50,CollaborateForce::a::19,pr,context_precision_nonllm,0.6975000878406993
vector,50,CollaborateForce::a::19,pr,context_recall_nonllm,0.19298245614035087
vector,50,CollaborationForce::a::12,content,rouge,0.034482758620689655
vector,50,CollaborationForce::a::12,content,exact_match,0.0
vector,50,ConnectForce::a::7,pr,context_recall_id,0.10714285714285714
vector,50,CollaborationForce::a::12,content,string_presence,0.0
vector,50,CollaborationForce::a::12,content,bleu,0.0
vector,50,ConnectForce::a::7,pr,string_similarity,0.0435643564356436
vector,50,ConnectForce::a::7,pr,context_precision_id,0.06
vector,50,ConnectForce::a::7,pr,bleu,0.011993481292529619
vector,50,ConnectForce::a::7,pr,chrf,0.20173699830897576
vector,50,ConnectForce::a::7,pr,context_recall_nonllm,0.10714285714285714
vector,50,ConnectForce::a::7,pr,context_precision_nonllm,0.1010378510344831
vector,50,ConnectForce::a::7,pr,string_presence,1.0
vector,50,ContentForce::a::11,content,context_recall_id,0.16666666666666666
vector,50,ContentForce::a::11,content,context_precision_id,0.06
vector,50,ConnectForce::a::7,pr,rouge,0.08383233532934131
vector,50,ConnectForce::a::7,pr,exact_match,0.0
vector,50,ContentForce::a::11,content,string_similarity,0.06333333333333335
vector,50,ContentForce::a::11,content,bleu,0.0
vector,50,ContentForce::a::11,content,rouge,0.05150214592274678
vector,50,ContentForce::a::11,content,exact_match,0.0
vector,50,ContentForce::a::11,content,context_precision_nonllm,0.06455026454811287
vector,50,ContentForce::a::11,content,context_recall_nonllm,0.16666666666666666
vector,50,ContentForce::a::11,content,string_presence,0.0
vector,50,ContextForce::a::22,person,context_recall_id,0.04878048780487805
vector,50,ContentForce::a::11,content,chrf,0.15444342186915141
vector,50,ContextForce::a::22,person,string_similarity,0.02761627906976749
vector,50,ContextForce::a::22,person,bleu,0.0
vector,50,ContextForce::a::22,person,context_precision_nonllm,0.17624735470785097
vector,50,CollaborationForce::a::12,content,context_precision_nonllm,0.0
vector,50,ContextForce::a::22,person,chrf,0.04133850507765959
vector,50,ContextForce::a::22,person,exact_match,0.0
vector,50,ContextForce::a::22,person,context_precision_id,0.08
vector,50,ContextForce::a::22,person,string_presence,0.0
vector,50,EdgeForce::a::12,content,context_precision_id,0.1
vector,50,EdgeForce::a::12,content,context_recall_id,0.3333333333333333
vector,50,ContextForce::a::22,person,rouge,0.016806722689075633
vector,50,ContextForce::a::22,person,context_recall_nonllm,0.10975609756097561
vector,50,CollaborationForce::a::12,content,context_recall_nonllm,0.0
vector,50,EdgeForce::a::12,content,context_recall_nonllm,0.3333333333333333
vector,50,EdgeForce::a::12,content,bleu,0.025666008552492327
vector,50,EdgeForce::a::12,content,string_similarity,0.14575645756457567
vector,50,EdgeForce::a::12,content,context_precision_nonllm,0.5968115941909623
vector,50,EdgeForce::a::12,content,rouge,0.13333333333333333
vector,50,EdgeForce::a::12,content,exact_match,0.0
vector,50,EdgeForce::a::12,content,chrf,0.35762089216806503
vector,50,EdgeForce::a::12,content,string_presence,0.0
vector,50,ExplainabilityForce::a::7,pr,context_precision_id,0.14
vector,50,ExplainabilityForce::a::7,pr,bleu,0.18558788266795456
vector,50,ExplainabilityForce::a::7,pr,string_similarity,0.047670639219934974
vector,50,ExplainabilityForce::a::7,pr,context_recall_id,0.23333333333333334
vector,50,ExplainabilityForce::a::7,pr,rouge,0.0945945945945946
vector,50,ExplainabilityForce::a::7,pr,chrf,0.2185207522153779
vector,50,FeedbackForce::a::6,content,context_recall_id,0.03571428571428571
vector,50,ExplainabilityForce::a::7,pr,string_presence,1.0
vector,50,ExplainabilityForce::a::7,pr,exact_match,0.0
vector,50,FeedbackForce::a::6,content,context_precision_id,0.02
vector,50,ExplainabilityForce::a::7,pr,context_precision_nonllm,0.5967870452224744
vector,50,ExplainabilityForce::a::7,pr,context_recall_nonllm,0.26666666666666666
vector,50,FeedbackForce::a::6,content,bleu,0.006693094616901898
vector,50,FeedbackForce::a::6,content,exact_match,0.0
vector,50,FeedbackForce::a::6,content,string_similarity,0.13097345132743365
vector,50,FeedbackForce::a::6,content,chrf,0.21643733917565247
vector,50,FeedbackForce::a::6,content,context_precision_nonllm,0.09999999999
vector,50,FeedbackForce::a::6,content,string_presence,0.0
vector,50,FlowForce::a::12,content,context_precision_id,0.08
vector,50,FeedbackForce::a::6,content,rouge,0.08421052631578949
vector,50,FlowForce::a::12,content,context_recall_id,0.25
vector,50,FlowForce::a::12,content,chrf,0.08660150235098643
vector,50,FlowForce::a::12,content,bleu,0.002746151254781731
vector,50,FlowForce::a::12,content,rouge,0.07453416149068323
vector,50,FlowForce::a::12,content,exact_match,0.0
vector,50,FlowForce::a::12,content,string_similarity,0.033333333333333326
vector,50,FlowForce::a::12,content,context_recall_nonllm,0.25
vector,50,ForecastForce::a::24,company,context_precision_id,0.04
vector,50,ForecastForce::a::24,company,context_recall_id,0.044444444444444446
vector,50,FeedbackForce::a::6,content,context_recall_nonllm,0.03571428571428571
vector,50,ForecastForce::a::24,company,context_precision_nonllm,0.742892844833803
vector,50,ForecastForce::a::24,company,string_similarity,0.03821656050955413
vector,50,FlowForce::a::12,content,context_precision_nonllm,0.43192331477181917
vector,50,ForecastForce::a::24,company,rouge,0.0
vector,50,FlowForce::a::12,content,string_presence,0.0
vector,50,ForecastForce::a::24,company,bleu,0.0
vector,50,ForecastForce::a::24,company,chrf,0.05358006637713018
vector,50,ForecastForce::a::24,company,exact_match,0.0
vector,50,InsightForce::a::6,content,context_recall_id,0.02127659574468085
vector,50,ForecastForce::a::24,company,string_presence,0.0
vector,50,InsightForce::a::6,content,string_similarity,0.23583180987202923
vector,50,InsightForce::a::6,content,bleu,0.012883136875559024
vector,50,InsightForce::a::6,content,rouge,0.11009174311926606
vector,50,ForecastForce::a::24,company,context_recall_nonllm,0.06666666666666667
vector,50,InsightForce::a::6,content,chrf,0.32341840924835175
vector,50,InsightForce::a::6,content,context_precision_id,0.02
vector,50,InsightForce::a::6,content,context_recall_nonllm,0.02127659574468085
vector,50,KnowledgeForce::a::14,content,context_precision_id,0.04
vector,50,InsightForce::a::6,content,string_presence,0.0
vector,50,InsightForce::a::6,content,exact_match,0.0
vector,50,KnowledgeForce::a::14,content,string_similarity,0.21671525753158405
vector,50,KnowledgeForce::a::14,content,rouge,0.14070351758793972
vector,50,KnowledgeForce::a::14,content,bleu,0.01236337229328573
vector,50,KnowledgeForce::a::14,content,exact_match,0.0
vector,50,KnowledgeForce::a::14,content,context_recall_id,0.05263157894736842
vector,50,LeadForce::a::13,pr,context_precision_id,0.1
vector,50,KnowledgeForce::a::14,content,string_presence,0.0
vector,50,LeadForce::a::13,pr,context_recall_id,0.17857142857142858
vector,50,KnowledgeForce::a::14,content,chrf,0.36401232067553946
vector,50,InsightForce::a::6,content,context_precision_nonllm,0.053030303027651514
vector,50,LeadForce::a::13,pr,string_similarity,0.0692567567567568
vector,50,LeadForce::a::13,pr,bleu,0.11005040523606212
vector,50,LeadForce::a::13,pr,context_recall_nonllm,0.17857142857142858
vector,50,LeadForce::a::13,pr,rouge,0.1407035175879397
vector,50,LeadForce::a::13,pr,exact_match,0.0
vector,50,LeadForce::a::13,pr,string_presence,0.0
vector,50,LeadForce::a::13,pr,chrf,0.2827943733073523
vector,50,LeadForce::a::13,pr,context_precision_nonllm,0.1851089018309961
vector,50,KnowledgeForce::a::14,content,context_precision_nonllm,0.14052287581230938
vector,50,MonitorForce::a::16,company,context_precision_id,0.22
vector,50,MonitorForce::a::16,company,context_recall_id,0.09401709401709402
vector,50,MonitorForce::a::16,company,chrf,0.05082130816451908
vector,50,KnowledgeForce::a::14,content,context_recall_nonllm,0.07894736842105263
vector,50,MonitorForce::a::16,company,rouge,0.0
vector,50,MonitorForce::a::16,company,string_similarity,0.028346456692913358
vector,50,MonitorForce::a::16,company,bleu,0.0
vector,50,MonitorForce::a::16,company,string_presence,0.0
vector,50,MonitorForce::a::16,company,exact_match,0.0
vector,50,PersonalizeForce::a::24,company,string_similarity,0.030181086519114664
vector,50,PersonalizeForce::a::24,company,context_recall_id,0.18840579710144928
vector,50,PersonalizeForce::a::24,company,context_precision_id,0.26
vector,50,PersonalizeForce::a::24,company,rouge,0.0
vector,50,PersonalizeForce::a::24,company,string_presence,0.0
vector,50,PersonalizeForce::a::24,company,bleu,0.0
vector,50,MonitorForce::a::16,company,context_recall_nonllm,0.11965811965811966
vector,50,PersonalizeForce::a::24,company,chrf,0.05253154737061579
vector,50,PitchForce::a::25,person,context_precision_id,0.18
vector,50,PersonalizeForce::a::24,company,exact_match,0.0
vector,50,PitchForce::a::25,person,string_similarity,0.0390995260663507
vector,50,MonitorForce::a::16,company,context_precision_nonllm,0.7819084386399355
vector,50,PitchForce::a::25,person,context_recall_id,0.15517241379310345
vector,50,PitchForce::a::25,person,rouge,0.06611570247933884
vector,50,PitchForce::a::25,person,context_precision_nonllm,0.7221976128872629
vector,50,PersonalizeForce::a::24,company,context_precision_nonllm,0.6379190971184855
vector,50,PersonalizeForce::a::24,company,context_recall_nonllm,0.21739130434782608
vector,50,PitchForce::a::25,person,chrf,0.1224002208399874
vector,50,PitchForce::a::25,person,exact_match,0.0
vector,50,ProposalForce::a::17,content,context_precision_id,0.14
vector,50,PitchForce::a::25,person,string_presence,0.0
vector,50,PitchForce::a::25,person,bleu,0.02270266030957446
vector,50,ProposalForce::a::17,content,rouge,0.1264367816091954
vector,50,ProposalForce::a::17,content,bleu,0.040525350679051025
vector,50,ProposalForce::a::17,content,context_recall_id,0.1794871794871795
vector,50,ProposalForce::a::17,content,string_presence,0.0
vector,50,ProposalForce::a::17,content,exact_match,0.0
vector,50,ProposalForce::a::17,content,string_similarity,0.12924528301886795
vector,50,ProposalForce::a::17,content,chrf,0.3021323736468369
vector,50,SearchFlow::a::33,person,context_recall_id,0.26
vector,50,SearchFlow::a::33,person,context_precision_id,0.26
vector,50,PitchForce::a::25,person,context_recall_nonllm,0.15517241379310345
vector,50,SearchFlow::a::33,person,bleu,0.02771450089816766
vector,50,SearchFlow::a::33,person,exact_match,0.0
vector,50,SearchFlow::a::33,person,string_similarity,0.062130177514792884
vector,50,ProposalForce::a::17,content,context_recall_nonllm,0.20512820512820512
vector,50,SearchFlow::a::33,person,rouge,0.06557377049180327
vector,50,SearchFlow::a::33,person,context_precision_nonllm,0.6308252829585221
vector,50,SearchFlow::a::33,person,chrf,0.14374891057544567
vector,50,SearchFlow::a::33,person,string_presence,0.0
vector,50,SearchForce::a::16,pr,context_precision_id,0.12
vector,50,SearchForce::a::16,pr,context_recall_id,0.23076923076923078
vector,50,ProposalForce::a::17,content,context_precision_nonllm,0.616655226374779
vector,50,SearchFlow::a::33,person,context_recall_nonllm,0.28
vector,50,SearchForce::a::16,pr,bleu,0.0661116679612678
vector,50,SearchForce::a::16,pr,context_recall_nonllm,0.23076923076923078
vector,50,SentimentForce::a::26,content,context_precision_id,0.02
vector,50,SentimentForce::a::26,content,context_recall_id,0.041666666666666664
vector,50,SearchForce::a::16,pr,string_similarity,0.03873873873873879
vector,50,SearchForce::a::16,pr,chrf,0.18299808878552903
vector,50,SearchForce::a::16,pr,string_presence,1.0
vector,50,SearchForce::a::16,pr,rouge,0.07291666666666667
vector,50,SearchForce::a::16,pr,exact_match,0.0
vector,50,SentimentForce::a::26,content,context_precision_nonllm,0.9243902438931951
vector,50,SentimentForce::a::26,content,bleu,0.0
vector,50,SentimentForce::a::26,content,context_recall_nonllm,0.041666666666666664
vector,50,SentimentForce::a::26,content,rouge,0.021978021978021973
vector,50,SentimentForce::a::26,content,string_similarity,0.060037523452157626
vector,50,SearchForce::a::16,pr,context_precision_nonllm,0.4211360499368883
vector,50,SentimentForce::a::26,content,chrf,0.06545515921561568
vector,50,SentimentForce::a::26,content,exact_match,0.0
vector,50,SentimentForce::a::26,content,string_presence,0.0
vector,50,SummarizeForce::a::23,content,context_recall_id,0.07692307692307693
vector,50,SummarizeForce::a::23,content,context_precision_id,0.02
vector,50,SummarizeForce::a::23,content,rouge,0.07142857142857142
vector,50,SummarizeForce::a::23,content,string_similarity,0.11897106109324762
vector,50,SummarizeForce::a::23,content,chrf,0.12782937583443
vector,50,SummarizeForce::a::23,content,exact_match,0.0
vector,50,SummarizeForce::a::23,content,string_presence,0.0
vector,50,SummarizeForce::a::23,content,bleu,0.0
vector,50,SupportForce::a::6,content,string_similarity,0.14905450500556172
vector,50,SummarizeForce::a::23,content,context_precision_nonllm,0.7234213931850794
vector,50,SummarizeForce::a::23,content,context_recall_nonllm,0.15384615384615385
vector,50,SupportForce::a::6,content,context_precision_id,0.06
vector,50,SupportForce::a::6,content,bleu,0.009958921354772334
vector,50,SupportForce::a::6,content,context_recall_id,0.045454545454545456
vector,50,SupportForce::a::6,content,rouge,0.06097560975609756
vector,50,SupportForce::a::6,content,chrf,0.20059654672814606
vector,50,SupportForce::a::6,content,string_presence,0.0
vector,50,SupportForce::a::6,content,exact_match,0.0
vector,50,SupportForce::a::6,content,context_recall_nonllm,0.045454545454545456
vector,50,VizForce::a::43,person,context_recall_id,0.07874015748031496
vector,50,VizForce::a::43,person,string_similarity,0.023622047244094446
vector,50,VizForce::a::43,person,context_precision_id,0.4
vector,50,SupportForce::a::6,content,context_precision_nonllm,0.06666666666444444
vector,50,VizForce::a::43,person,rouge,0.028571428571428574
vector,50,ActionGenie::a::7,content,context_precision_id,0.04
vector,50,ActionGenie::a::7,content,context_recall_id,0.04
vector,50,VizForce::a::43,person,string_presence,0.0
vector,50,VizForce::a::43,person,bleu,0.0063093052345078605
vector,50,VizForce::a::43,person,exact_match,0.0
vector,50,VizForce::a::43,person,chrf,0.0430392295670025
vector,50,ActionGenie::a::7,content,bleu,0.09093798669760578
vector,50,ActionGenie::a::7,content,string_similarity,0.18805590851334175
vector,50,ActionGenie::a::7,content,rouge,0.16901408450704225
vector,50,ActionGenie::a::7,content,chrf,0.3807313171759741
vector,50,ActionGenie::a::7,content,context_precision_nonllm,0.2222222222111111
vector,50,ActionGenie::a::7,content,context_recall_nonllm,0.04
vector,50,ActionGenie::a::7,content,exact_match,0.0
vector,50,ActionGenie::a::7,content,string_presence,0.0
vector,50,AutoTuneForce::a::13,content,context_precision_id,0.06
vector,50,AutoTuneForce::a::13,content,context_recall_id,0.0625
vector,50,AutoTuneForce::a::13,content,string_similarity,0.13876319758672695
vector,50,AutoTuneForce::a::13,content,bleu,0.004883858935217975
vector,50,AutoTuneForce::a::13,content,chrf,0.29177312617088075
vector,50,AutoTuneForce::a::13,content,rouge,0.07960199004975124
vector,50,AutoTuneForce::a::13,content,context_recall_nonllm,0.0625
vector,50,AutoTuneForce::a::13,content,context_precision_nonllm,0.46666666665111106
vector,50,AutoTuneForce::a::13,content,exact_match,0.0
vector,50,AutoTuneForce::a::13,content,string_presence,0.0
vector,50,CollaborateForce::a::21,pr,context_precision_id,0.04
vector,50,CollaborateForce::a::21,pr,context_recall_id,0.13333333333333333
vector,50,CollaborateForce::a::21,pr,context_recall_nonllm,0.13333333333333333
vector,50,CollaborateForce::a::21,pr,context_precision_nonllm,0.10714285713749999
vector,50,CollaborateForce::a::21,pr,bleu,0.18724105432215674
vector,50,CollaborateForce::a::21,pr,string_similarity,0.08493589743589747
vector,50,CollaborateForce::a::21,pr,exact_match,0.0
vector,50,CollaborateForce::a::21,pr,string_presence,0.0
vector,50,CollaborateForce::a::21,pr,rouge,0.12121212121212122
vector,50,CollaborateForce::a::21,pr,chrf,0.3428113273066081
vector,50,ConnectForce::a::14,content,context_precision_nonllm,0.6188028241543416
vector,50,ConnectForce::a::14,content,context_recall_nonllm,0.20833333333333334
vector,50,ConnectForce::a::14,content,context_precision_id,0.08
vector,50,VizForce::a::43,person,context_precision_nonllm,0.7325167329565293
vector,50,ConnectForce::a::14,content,context_recall_id,0.16666666666666666
vector,50,ConnectForce::a::14,content,string_similarity,0.038535645472061675
vector,50,ConnectForce::a::14,content,chrf,0.07292602420951648
vector,50,ConnectForce::a::14,content,rouge,0.024242424242424246
vector,50,ConnectForce::a::14,content,string_presence,0.0
vector,50,ConnectForce::a::14,content,bleu,0.006488583831481832
vector,50,ConnectForce::a::14,content,exact_match,0.0
vector,50,ContentForce::a::16,content,context_recall_nonllm,0.043478260869565216
vector,50,ContentForce::a::16,content,context_precision_nonllm,0.8128767660847989
vector,50,ContentForce::a::16,content,context_recall_id,0.043478260869565216
vector,50,ContentForce::a::16,content,string_similarity,0.06971153846153844
vector,50,ContentForce::a::16,content,context_precision_id,0.02
vector,50,ContentForce::a::16,content,chrf,0.09257385576633323
vector,50,ContentForce::a::16,content,rouge,0.0
vector,50,ContentForce::a::16,content,exact_match,0.0
vector,50,ContentForce::a::16,content,bleu,0.0
vector,50,ContentForce::a::16,content,string_presence,0.0
vector,50,VizForce::a::43,person,context_recall_nonllm,0.08661417322834646
vector,50,EdgeForce::a::13,content,context_precision_id,0.2
vector,50,EdgeForce::a::13,content,context_recall_id,0.2702702702702703
vector,50,EdgeForce::a::13,content,string_similarity,0.2714776632302406
vector,50,EdgeForce::a::13,content,bleu,0.03342923396897082
vector,50,EdgeForce::a::13,content,rouge,0.16296296296296298
vector,50,EdgeForce::a::13,content,chrf,0.3286874268309575
vector,50,EdgeForce::a::13,content,exact_match,0.0
vector,50,EdgeForce::a::13,content,string_presence,0.0
vector,50,EdgeForce::a::13,content,context_precision_nonllm,0.3168546266867775
vector,50,ExplainabilityForce::a::9,pr,context_precision_id,0.28
vector,50,ExplainabilityForce::a::9,pr,context_recall_id,0.14285714285714285
vector,50,ExplainabilityForce::a::9,pr,string_similarity,0.24309392265193375
vector,50,EdgeForce::a::13,content,context_recall_nonllm,0.2702702702702703
vector,50,ExplainabilityForce::a::9,pr,rouge,0.38028169014084506
vector,50,ExplainabilityForce::a::9,pr,chrf,0.6159754590898734
vector,50,ExplainabilityForce::a::9,pr,bleu,0.313422621716571
vector,50,ExplainabilityForce::a::9,pr,exact_match,0.0
vector,50,ExplainabilityForce::a::9,pr,string_presence,0.0
vector,50,FeedbackForce::a::7,content,context_recall_id,0.0
vector,50,FeedbackForce::a::7,content,context_precision_id,0.0
vector,50,FeedbackForce::a::7,content,context_precision_nonllm,0.0
vector,50,FeedbackForce::a::7,content,rouge,0.06956521739130435
vector,50,FeedbackForce::a::7,content,bleu,0.00922004518341552
vector,50,FeedbackForce::a::7,content,string_similarity,0.26102941176470584
vector,50,FeedbackForce::a::7,content,exact_match,0.0
vector,50,FeedbackForce::a::7,content,string_presence,0.0
vector,50,FlowForce::a::13,content,context_precision_id,0.02
vector,50,FeedbackForce::a::7,content,context_recall_nonllm,0.0
vector,50,FeedbackForce::a::7,content,chrf,0.24433446969847783
vector,50,FlowForce::a::13,content,string_similarity,0.17059243397573165
vector,50,FlowForce::a::13,content,bleu,0.008696285568104437
vector,50,ExplainabilityForce::a::9,pr,context_recall_nonllm,0.16326530612244897
vector,50,FlowForce::a::13,content,context_precision_nonllm,0.16666666665
vector,50,FlowForce::a::13,content,context_recall_id,0.037037037037037035
vector,50,FlowForce::a::13,content,context_recall_nonllm,0.037037037037037035
vector,50,FlowForce::a::13,content,rouge,0.10612244897959183
vector,50,ExplainabilityForce::a::9,pr,context_precision_nonllm,0.40445395178456206
vector,50,FlowForce::a::13,content,chrf,0.28362005068048934
vector,50,FlowForce::a::13,content,string_presence,0.0
vector,50,FlowForce::a::13,content,exact_match,0.0
vector,50,ForecastForce::a::26,content,context_precision_id,0.02
vector,50,ForecastForce::a::26,content,string_similarity,0.04746317512274956
vector,50,ForecastForce::a::26,content,context_recall_id,0.04
vector,50,ForecastForce::a::26,content,exact_match,0.0
vector,50,ForecastForce::a::26,content,chrf,0.06374205319987618
vector,50,ForecastForce::a::26,content,context_precision_nonllm,0.505757263028207
vector,50,ForecastForce::a::26,content,bleu,0.0
vector,50,ForecastForce::a::26,content,rouge,0.0
vector,50,ForecastForce::a::26,content,context_recall_nonllm,0.08
vector,50,InsightForce::a::7,content,context_recall_id,0.125
vector,50,ForecastForce::a::26,content,string_presence,0.0
vector,50,InsightForce::a::7,content,string_similarity,0.1944157187176836
vector,50,InsightForce::a::7,content,context_precision_id,0.1
vector,50,InsightForce::a::7,content,rouge,0.2822085889570552
vector,50,InsightForce::a::7,content,chrf,0.4503447858819571
vector,50,InsightForce::a::7,content,bleu,0.03470653886332962
vector,50,InsightForce::a::7,content,exact_match,0.0
vector,50,InsightForce::a::7,content,string_presence,0.0
vector,50,InsightForce::a::7,content,context_recall_nonllm,0.15
vector,50,KnowledgeForce::a::15,content,string_similarity,0.17005420054200537
vector,50,KnowledgeForce::a::15,content,bleu,0.007837626316641184
vector,50,InsightForce::a::7,content,context_precision_nonllm,0.19658136011353775
vector,50,KnowledgeForce::a::15,content,context_precision_id,0.24
vector,50,KnowledgeForce::a::15,content,context_recall_id,0.16901408450704225
vector,50,KnowledgeForce::a::15,content,exact_match,0.0
vector,50,KnowledgeForce::a::15,content,rouge,0.19999999999999996
vector,50,KnowledgeForce::a::15,content,context_precision_nonllm,0.7213485476003558
vector,50,KnowledgeForce::a::15,content,string_presence,0.0
vector,50,LeadForce::a::20,pr,context_recall_nonllm,0.07142857142857142
vector,50,LeadForce::a::20,pr,string_similarity,0.0658978583196046
vector,50,KnowledgeForce::a::15,content,chrf,0.36043660816187784
vector,50,LeadForce::a::20,pr,context_recall_id,0.07142857142857142
vector,50,LeadForce::a::20,pr,context_precision_id,0.02
vector,50,LeadForce::a::20,pr,rouge,0.14736842105263157
vector,50,LeadForce::a::20,pr,context_precision_nonllm,0.24285714284499998
vector,50,LeadForce::a::20,pr,chrf,0.27349411354356584
vector,50,LeadForce::a::20,pr,bleu,0.10389206804525535
vector,50,MonitorForce::a::18,content,context_precision_id,0.02
vector,50,LeadForce::a::20,pr,string_presence,1.0
vector,50,LeadForce::a::20,pr,exact_match,0.0
vector,50,MonitorForce::a::18,content,context_recall_id,0.07142857142857142
vector,50,MonitorForce::a::18,content,exact_match,0.0
vector,50,MonitorForce::a::18,content,context_recall_nonllm,0.07142857142857142
vector,50,MonitorForce::a::18,content,string_similarity,0.03901170351105332
vector,50,MonitorForce::a::18,content,bleu,0.015732934811145335
vector,50,MonitorForce::a::18,content,chrf,0.05891322162110428
vector,50,MonitorForce::a::18,content,rouge,0.017241379310344827
vector,50,PersonalizeForce::a::34,pr,context_recall_id,0.17073170731707318
vector,50,MonitorForce::a::18,content,string_presence,0.0
vector,50,PersonalizeForce::a::34,pr,context_precision_id,0.14
vector,50,MonitorForce::a::18,content,context_precision_nonllm,0.7494501676470614
vector,50,PersonalizeForce::a::34,pr,rouge,0.042105263157894736
vector,50,PersonalizeForce::a::34,pr,chrf,0.14853772644086669
vector,50,KnowledgeForce::a::15,content,context_recall_nonllm,0.16901408450704225
vector,50,PersonalizeForce::a::34,pr,exact_match,0.0
vector,50,PersonalizeForce::a::34,pr,bleu,0.0
vector,50,PersonalizeForce::a::34,pr,string_similarity,0.12826086956521743
vector,50,PersonalizeForce::a::34,pr,string_presence,0.0
vector,50,PitchForce::a::27,person,context_precision_id,0.2
vector,50,PitchForce::a::27,person,bleu,0.012853088362522365
vector,50,PitchForce::a::27,person,rouge,0.064
vector,50,PitchForce::a::27,person,context_recall_id,0.19230769230769232
vector,50,PitchForce::a::27,person,string_similarity,0.029002320185614883
vector,50,PitchForce::a::27,person,chrf,0.08029673034991318
vector,50,PersonalizeForce::a::34,pr,context_precision_nonllm,0.8287749634406727
vector,50,PitchForce::a::27,person,exact_match,0.0
vector,50,PersonalizeForce::a::34,pr,context_recall_nonllm,0.1951219512195122
vector,50,ProposalForce::a::20,content,context_recall_id,0.2
vector,50,PitchForce::a::27,person,context_precision_nonllm,0.4652474915479543
vector,50,ProposalForce::a::20,content,bleu,0.13749229838463403
vector,50,ProposalForce::a::20,content,chrf,0.40723307154235533
vector,50,ProposalForce::a::20,content,context_recall_nonllm,0.2
vector,50,ProposalForce::a::20,content,rouge,0.2647058823529412
vector,50,ProposalForce::a::20,content,exact_match,0.0
vector,50,PitchForce::a::27,person,context_recall_nonllm,0.21153846153846154
vector,50,ProposalForce::a::20,content,string_similarity,0.17824377457404983
vector,50,SentimentForce::a::27,content,context_recall_id,0.12
vector,50,SentimentForce::a::27,content,context_precision_id,0.06
vector,50,PitchForce::a::27,person,string_presence,0.0
vector,50,ProposalForce::a::20,content,string_presence,0.0
vector,50,SentimentForce::a::27,content,string_similarity,0.04516806722689071
vector,50,SentimentForce::a::27,content,chrf,0.06564985765580768
vector,50,ProposalForce::a::20,content,context_precision_id,0.1
vector,50,SentimentForce::a::27,content,exact_match,0.0
vector,50,SentimentForce::a::27,content,bleu,0.01387819277861591
vector,50,SentimentForce::a::27,content,string_presence,0.0
vector,50,SentimentForce::a::27,content,rouge,0.025974025974025976
vector,50,SummarizeForce::a::24,content,context_recall_id,0.08333333333333333
vector,50,ProposalForce::a::20,content,context_precision_nonllm,0.17851037850740334
vector,50,SummarizeForce::a::24,content,context_precision_id,0.02
vector,50,SentimentForce::a::27,content,context_precision_nonllm,0.8394230769160818
vector,50,SummarizeForce::a::24,content,context_precision_nonllm,0.735833251712376
vector,50,SummarizeForce::a::24,content,string_similarity,0.04570383912248632
vector,50,SentimentForce::a::27,content,context_recall_nonllm,0.12
vector,50,SummarizeForce::a::24,content,bleu,0.0
vector,50,SummarizeForce::a::24,content,context_recall_nonllm,0.08333333333333333
vector,50,SummarizeForce::a::24,content,exact_match,0.0
vector,50,SummarizeForce::a::24,content,chrf,0.06622501615086841
vector,50,SummarizeForce::a::24,content,rouge,0.02197802197802198
vector,50,CollaborateForce::a::31,content,context_precision_nonllm,0.8792298703524429
vector,50,SummarizeForce::a::24,content,string_presence,0.0
vector,50,CollaborateForce::a::31,content,context_recall_id,0.07142857142857142
vector,50,CollaborateForce::a::31,content,context_recall_nonllm,0.07142857142857142
vector,50,CollaborateForce::a::31,content,context_precision_id,0.02
vector,50,CollaborateForce::a::31,content,chrf,0.17372050337034786
vector,50,CollaborateForce::a::31,content,exact_match,0.0
vector,50,CollaborateForce::a::31,content,bleu,0.017042146160049086
vector,50,ConnectForce::a::15,content,context_precision_id,0.04
vector,50,CollaborateForce::a::31,content,rouge,0.042105263157894736
vector,50,ConnectForce::a::15,content,bleu,0.0
vector,50,CollaborateForce::a::31,content,string_similarity,0.15671641791044777
vector,50,CollaborateForce::a::31,content,string_presence,0.0
vector,50,ConnectForce::a::15,content,string_similarity,0.056862745098039236
vector,50,ConnectForce::a::15,content,context_recall_id,0.14285714285714285
vector,50,ConnectForce::a::15,content,context_precision_nonllm,0.6083444741431586
vector,50,ConnectForce::a::15,content,context_recall_nonllm,0.14285714285714285
vector,50,ConnectForce::a::15,content,chrf,0.07337707109939103
vector,50,ConnectForce::a::15,content,exact_match,0.0
vector,50,ConnectForce::a::15,content,rouge,0.0
vector,50,ContentForce::a::17,content,context_recall_id,0.07142857142857142
vector,50,ContentForce::a::17,content,context_precision_id,0.02
vector,50,ContentForce::a::17,content,string_similarity,0.09644670050761417
vector,50,ContentForce::a::17,content,context_precision_nonllm,0.7023539163922428
vector,50,ConnectForce::a::15,content,string_presence,0.0
vector,50,ContentForce::a::17,content,string_presence,0.0
vector,50,ContentForce::a::17,content,rouge,0.04
vector,50,ContentForce::a::17,content,context_recall_nonllm,0.14285714285714285
vector,50,EdgeForce::a::14,content,context_precision_id,0.1
vector,50,ContentForce::a::17,content,exact_match,0.0
vector,50,ContentForce::a::17,content,chrf,0.11145211901761945
vector,50,ContentForce::a::17,content,bleu,0.028265205879007452
vector,50,EdgeForce::a::14,content,bleu,0.049711988527591455
vector,50,EdgeForce::a::14,content,context_recall_id,0.10638297872340426
vector,50,EdgeForce::a::14,content,string_similarity,0.2015281757402101
vector,50,EdgeForce::a::14,content,string_presence,0.0
vector,50,ExplainabilityForce::a::11,pr,context_recall_id,0.15384615384615385
vector,50,EdgeForce::a::14,content,chrf,0.4587157399701924
vector,50,EdgeForce::a::14,content,rouge,0.1650485436893204
vector,50,EdgeForce::a::14,content,exact_match,0.0
vector,50,EdgeForce::a::14,content,context_precision_nonllm,0.3033906799391409
vector,50,ExplainabilityForce::a::11,pr,context_precision_id,0.08
vector,50,ExplainabilityForce::a::11,pr,chrf,0.18160805141966724
vector,50,ExplainabilityForce::a::11,pr,string_similarity,0.040590405904059046
vector,50,ExplainabilityForce::a::11,pr,bleu,0.008001280438458864
vector,50,ExplainabilityForce::a::11,pr,context_precision_nonllm,0.41916282641041186
vector,50,ExplainabilityForce::a::11,pr,rouge,0.07100591715976332
vector,50,ExplainabilityForce::a::11,pr,context_recall_nonllm,0.15384615384615385
vector,50,ExplainabilityForce::a::11,pr,string_presence,0.0
vector,50,ExplainabilityForce::a::11,pr,exact_match,0.0
vector,50,FeedbackForce::a::12,content,context_recall_id,0.08695652173913043
vector,50,FeedbackForce::a::12,content,context_precision_id,0.04
vector,50,EdgeForce::a::14,content,context_recall_nonllm,0.10638297872340426
vector,50,FeedbackForce::a::12,content,context_precision_nonllm,0.6584680908103295
vector,50,FeedbackForce::a::12,content,bleu,0.007821590010947429
vector,50,FeedbackForce::a::12,content,string_similarity,0.05882352941176472
vector,50,FeedbackForce::a::12,content,chrf,0.12409863304630978
vector,50,InsightForce::a::8,content,context_precision_id,0.04
vector,50,FeedbackForce::a::12,content,context_recall_nonllm,0.08695652173913043
vector,50,FeedbackForce::a::12,content,rouge,0.015873015873015872
vector,50,InsightForce::a::8,content,context_recall_id,0.023529411764705882
vector,50,FeedbackForce::a::12,content,string_presence,0.0
vector,50,InsightForce::a::8,content,chrf,0.29485124989462386
vector,50,InsightForce::a::8,content,string_similarity,0.12267657992565051
vector,50,InsightForce::a::8,content,bleu,0.0
vector,50,FeedbackForce::a::12,content,exact_match,0.0
vector,50,InsightForce::a::8,content,string_presence,0.0
vector,50,LeadForce::a::28,content,context_precision_id,0.06
vector,50,InsightForce::a::8,content,rouge,0.09523809523809523
vector,50,InsightForce::a::8,content,exact_match,0.0
vector,50,InsightForce::a::8,content,context_precision_nonllm,0.5434782608423913
vector,50,LeadForce::a::28,content,string_similarity,0.06578947368421051
vector,50,LeadForce::a::28,content,context_recall_nonllm,0.2
vector,50,LeadForce::a::28,content,exact_match,0.0
vector,50,LeadForce::a::28,content,context_recall_id,0.2
vector,50,LeadForce::a::28,content,string_presence,0.0
vector,50,LeadForce::a::28,content,rouge,0.03076923076923077
vector,50,MonitorForce::a::19,content,context_precision_id,0.02
vector,50,LeadForce::a::28,content,chrf,0.07710024184155727
vector,50,LeadForce::a::28,content,context_precision_nonllm,0.6544961324896179
vector,50,MonitorForce::a::19,content,string_similarity,0.05125523012552302
vector,50,LeadForce::a::28,content,bleu,0.0
vector,50,MonitorForce::a::19,content,context_precision_nonllm,0.8822888787756744
vector,50,MonitorForce::a::19,content,context_recall_id,0.07692307692307693
vector,50,MonitorForce::a::19,content,rouge,0.0
vector,50,MonitorForce::a::19,content,chrf,0.0817319433926038
vector,50,MonitorForce::a::19,content,exact_match,0.0
vector,50,InsightForce::a::8,content,context_recall_nonllm,0.023529411764705882
vector,50,MonitorForce::a::19,content,context_recall_nonllm,0.07692307692307693
vector,50,MonitorForce::a::19,content,bleu,0.00718846193896649
vector,50,MonitorForce::a::19,content,string_presence,0.0
vector,50,SentimentForce::a::29,content,context_precision_nonllm,0.8024210786169925
vector,50,SentimentForce::a::29,content,bleu,0.008522452865706931
vector,50,SentimentForce::a::29,content,chrf,0.10188115338020629
vector,50,SentimentForce::a::29,content,context_precision_id,0.04
vector,50,SentimentForce::a::29,content,string_similarity,0.08030303030303032
vector,50,SentimentForce::a::29,content,context_recall_id,0.08
vector,50,SentimentForce::a::29,content,rouge,0.03669724770642203
vector,50,FeedbackForce::a::16,content,context_precision_id,0.02
vector,50,SentimentForce::a::29,content,exact_match,0.0
vector,50,SentimentForce::a::29,content,context_recall_nonllm,0.12
vector,50,FeedbackForce::a::16,content,bleu,0.0
vector,50,FeedbackForce::a::16,content,context_recall_id,0.0625
vector,50,FeedbackForce::a::16,content,rouge,0.0
vector,50,SentimentForce::a::29,content,string_presence,0.0
vector,50,FeedbackForce::a::16,content,string_similarity,0.022535211267605604
vector,50,FeedbackForce::a::16,content,context_recall_nonllm,0.0625
vector,50,FeedbackForce::a::16,content,context_precision_nonllm,0.6422539762345532
vector,50,FeedbackForce::a::16,content,exact_match,0.0
vector,50,FeedbackForce::a::18,content,context_precision_id,0.02
vector,50,FeedbackForce::a::18,content,context_recall_id,0.06666666666666667
vector,50,FeedbackForce::a::18,content,bleu,0.0
vector,50,FeedbackForce::a::16,content,string_presence,0.0
vector,50,FeedbackForce::a::18,content,string_similarity,0.0637393767705382
vector,50,FeedbackForce::a::18,content,context_precision_nonllm,0.6981845696238574
vector,50,FeedbackForce::a::18,content,rouge,0.05714285714285714
vector,50,FeedbackForce::a::16,content,chrf,0.02556822996051558
vector,50,FeedbackForce::a::18,content,context_recall_nonllm,0.06666666666666667
vector,50,FeedbackForce::a::18,content,exact_match,0.0
vector,50,FeedbackForce::a::18,content,chrf,0.16116699418955008
vector,50,FeedbackForce::a::18,content,string_presence,0.0
vector,50,ActionGenie::a::1,person,context_recall_id,0.058823529411764705
vector,50,ActionGenie::a::1,person,bleu,0.026594139297659906
vector,50,ActionGenie::a::1,person,context_precision_id,0.02
vector,50,ActionGenie::a::1,person,context_precision_nonllm,0.07938463222751452
vector,50,ActionGenie::a::1,person,string_similarity,0.08265424912689179
vector,50,ActionGenie::a::1,person,rouge,0.05333333333333334
vector,50,ActionGenie::a::1,person,context_recall_nonllm,0.11764705882352941
vector,50,AnomalyForce::a::1,content,context_recall_id,0.38461538461538464
vector,50,ActionGenie::a::1,person,string_presence,0.0
vector,50,ActionGenie::a::1,person,exact_match,0.0
vector,50,AnomalyForce::a::1,content,context_precision_id,0.1
vector,50,ActionGenie::a::1,person,chrf,0.10540132596545487
vector,50,AnomalyForce::a::1,content,rouge,0.30344827586206896
vector,50,AnomalyForce::a::1,content,string_similarity,0.283072546230441
vector,50,AnomalyForce::a::1,content,bleu,0.1256512074978368
vector,50,AutoTuneForce::a::1,person,context_precision_id,0.0
vector,50,AnomalyForce::a::1,content,string_presence,0.0
vector,50,AnomalyForce::a::1,content,exact_match,0.0
vector,50,AutoTuneForce::a::1,person,context_recall_id,0.0
vector,50,AnomalyForce::a::1,content,chrf,0.5112613629287305
vector,50,AnomalyForce::a::1,content,context_recall_nonllm,0.38461538461538464
vector,50,AutoTuneForce::a::1,person,rouge,0.0759493670886076
vector,50,AnomalyForce::a::1,content,context_precision_nonllm,0.32502021787271757
vector,50,AutoTuneForce::a::1,person,string_similarity,0.06263982102908272
vector,50,AutoTuneForce::a::1,person,context_recall_nonllm,0.0
vector,50,AutoTuneForce::a::1,person,context_precision_nonllm,0.0
vector,50,AutoTuneForce::a::1,person,bleu,0.0
vector,50,AutoTuneForce::a::1,person,chrf,0.09066168918620919
vector,50,AutoTuneForce::a::1,person,exact_match,0.0
vector,50,AutoTuneForce::a::1,person,string_presence,0.0
vector,50,CoachForce::a::0,person,context_precision_id,0.08
vector,50,CoachForce::a::0,person,context_recall_id,0.23529411764705882
vector,50,CoachForce::a::0,person,context_recall_nonllm,0.35294117647058826
vector,50,CoachForce::a::0,person,string_similarity,0.0922242314647378
vector,50,CoachForce::a::0,person,context_precision_nonllm,0.11875069374871457
vector,50,CoachForce::a::0,person,chrf,0.05280642691921531
vector,50,CoachForce::a::0,person,exact_match,0.0
vector,50,CoachForce::a::0,person,bleu,0.0
vector,50,CoachForce::a::0,person,string_presence,0.0
vector,50,CoachForce::a::0,person,rouge,0.0
vector,50,CollaborateForce::a::0,content,context_precision_id,0.02
vector,50,CollaborateForce::a::0,content,context_recall_id,0.08333333333333333
vector,50,CollaborateForce::a::0,content,context_precision_nonllm,0.0446753246738355
vector,50,CollaborateForce::a::0,content,string_similarity,0.19117647058823528
vector,50,CollaborateForce::a::0,content,chrf,0.3618391811698702
vector,50,CollaborateForce::a::0,content,exact_match,0.0
vector,50,CollaborateForce::a::0,content,context_recall_nonllm,0.25
vector,50,CollaborateForce::a::0,content,bleu,0.009394893845084355
vector,50,CollaborateForce::a::0,content,rouge,0.16143497757847533
vector,50,CollaborationForce::a::0,person,context_precision_id,0.14
vector,50,CollaborateForce::a::0,content,string_presence,0.0
vector,50,CollaborationForce::a::0,person,chrf,0.30252906909567595
vector,50,CollaborationForce::a::0,person,context_recall_id,0.35
vector,50,CollaborationForce::a::0,person,bleu,0.03896190378060341
vector,50,CollaborationForce::a::0,person,rouge,0.17543859649122806
vector,50,CollaborationForce::a::0,person,string_presence,0.0
vector,50,CollaborationForce::a::0,person,string_similarity,0.12461538461538457
vector,50,CollaborationForce::a::0,person,context_recall_nonllm,0.35
vector,50,ConnectForce::a::0,person,context_precision_id,0.02
vector,50,CollaborationForce::a::0,person,context_precision_nonllm,0.4068568031508423
vector,50,ConnectForce::a::0,person,context_recall_id,0.05555555555555555
vector,50,ConnectForce::a::0,person,bleu,0.0
vector,50,CollaborationForce::a::0,person,exact_match,0.0
vector,50,ConnectForce::a::0,person,string_similarity,0.08774193548387099
vector,50,ConnectForce::a::0,person,context_recall_nonllm,0.16666666666666666
vector,50,ConnectForce::a::0,person,rouge,0.0967741935483871
vector,50,ConnectForce::a::0,person,string_presence,0.0
vector,50,ConnectForce::a::0,person,chrf,0.20367987046719804
vector,50,ConnectForce::a::0,person,exact_match,0.0
vector,50,ConnectForce::a::0,person,context_precision_nonllm,0.16642375839311233
vector,50,ContentForce::a::0,content,context_recall_id,0.16666666666666666
vector,50,ContentForce::a::0,content,context_precision_id,0.04
vector,50,ContentForce::a::0,content,chrf,0.43199391830939216
vector,50,ContentForce::a::0,content,string_similarity,0.2282282282282282
vector,50,ContentForce::a::0,content,string_presence,0.0
vector,50,ContentForce::a::0,content,exact_match,0.0
vector,50,ContentForce::a::0,content,bleu,0.00935246702041104
vector,50,ContentForce::a::0,content,context_precision_nonllm,0.11018746578815938
vector,50,ContentForce::a::0,content,rouge,0.2296650717703349
vector,50,ContextForce::a::0,person,context_recall_id,0.0
vector,50,ContentForce::a::0,content,context_recall_nonllm,0.16666666666666666
vector,50,ContextForce::a::0,person,context_precision_nonllm,0.0
vector,50,ContextForce::a::0,person,bleu,0.0
vector,50,ContextForce::a::0,person,chrf,0.05883815577108777
vector,50,ContextForce::a::0,person,context_precision_id,0.0
vector,50,EdgeForce::a::0,person,context_precision_id,0.0
vector,50,ContextForce::a::0,person,rouge,0.048780487804878044
vector,50,ContextForce::a::0,person,context_recall_nonllm,0.0
vector,50,ContextForce::a::0,person,string_similarity,0.037815126050420145
vector,50,EdgeForce::a::0,person,context_recall_id,0.0
vector,50,ContextForce::a::0,person,exact_match,0.0
vector,50,ContextForce::a::0,person,string_presence,0.0
vector,50,EdgeForce::a::0,person,context_precision_nonllm,0.0
vector,50,EdgeForce::a::0,person,chrf,0.06876504139521122
vector,50,EdgeForce::a::0,person,string_similarity,0.04811715481171552
vector,50,EdgeForce::a::0,person,string_presence,0.0
vector,50,EdgeForce::a::0,person,bleu,0.0
vector,50,EdgeForce::a::0,person,context_recall_nonllm,0.0
vector,50,EdgeForce::a::0,person,exact_match,0.0
vector,50,EdgeForce::a::0,person,rouge,0.05
vector,50,ExplainabilityForce::a::0,person,context_recall_id,0.058823529411764705
vector,50,ExplainabilityForce::a::0,person,context_precision_id,0.02
vector,50,ExplainabilityForce::a::0,person,chrf,0.03876072052417848
vector,50,ExplainabilityForce::a::0,person,exact_match,0.0
vector,50,ExplainabilityForce::a::0,person,string_similarity,0.03384912959381048
vector,50,ExplainabilityForce::a::0,person,bleu,0.0
vector,50,ExplainabilityForce::a::0,person,rouge,0.03680981595092025
vector,50,FeedbackForce::a::0,person,context_recall_id,0.11764705882352941
vector,50,ExplainabilityForce::a::0,person,string_presence,0.0
vector,50,FeedbackForce::a::0,person,string_similarity,0.07246376811594202
vector,50,FeedbackForce::a::0,person,context_precision_id,0.04
vector,50,ExplainabilityForce::a::0,person,context_precision_nonllm,0.06904761904416667
vector,50,ExplainabilityForce::a::0,person,context_recall_nonllm,0.11764705882352941
vector,50,FeedbackForce::a::0,person,bleu,0.0
vector,50,FeedbackForce::a::0,person,chrf,0.05607094791461201
vector,50,FeedbackForce::a::0,person,context_precision_nonllm,0.25201612700046877
vector,50,FeedbackForce::a::0,person,context_recall_nonllm,0.17647058823529413
vector,50,FeedbackForce::a::0,person,exact_match,0.0
vector,50,FeedbackForce::a::0,person,rouge,0.013888888888888888
vector,50,FeedbackForce::a::0,person,string_presence,0.0
vector,50,ActionGenie::a::0,person,semantic_similarity,0.23387702264317828
vector,50,AnomalyForce::a::0,content,semantic_similarity,0.36096352351851657
vector,50,AutoTuneForce::a::0,person,semantic_similarity,0.24793060924434887
vector,50,AnomalyForce::a::0,content,context_recall_llm,0.0
vector,50,AutoTuneForce::a::0,person,context_recall_llm,0.0
vector,50,CoachForce::a::5,pr,semantic_similarity,0.34186187895882225
vector,50,AutoTuneForce::a::0,person,faithfulness,0.7142857142857143
vector,50,CollaborateForce::a::1,content,semantic_similarity,0.32783326145386515
vector,50,ActionGenie::a::0,person,answer_correctness,0.05846925566079457
vector,50,AutoTuneForce::a::0,person,answer_correctness,0.06198265231108722
vector,50,CollaborationForce::a::6,pr,semantic_similarity,0.4464624346932924
vector,50,CoachForce::a::5,pr,context_recall_llm,0.5
vector,50,CollaborateForce::a::1,content,faithfulness,1.0
vector,50,CollaborateForce::a::1,content,context_recall_llm,0.0
vector,50,ConnectForce::a::5,pr,semantic_similarity,0.3234738808738773
vector,50,CollaborationForce::a::6,pr,context_recall_llm,0.75
vector,50,AnomalyForce::a::0,content,answer_correctness,0.233098023736772
vector,50,CollaborateForce::a::1,content,answer_correctness,0.08195831536346629
vector,50,ContentForce::a::2,content,semantic_similarity,0.2794299382553644
vector,50,ConnectForce::a::5,pr,context_recall_llm,0.0
vector,50,ConnectForce::a::5,pr,faithfulness,1.0
vector,50,ContextForce::a::1,person,semantic_similarity,0.19322184956098729
vector,50,CoachForce::a::5,pr,answer_correctness,0.18891374560177454
vector,50,CollaborationForce::a::6,pr,faithfulness,1.0
vector,50,CollaborationForce::a::6,pr,answer_correctness,0.30726778258636656
vector,50,EdgeForce::a::2,person,semantic_similarity,0.28579746649551047
vector,50,ContextForce::a::1,person,faithfulness,1.0
vector,50,ContentForce::a::2,content,context_recall_llm,0.5
vector,50,ContextForce::a::1,person,context_recall_llm,0.0
vector,50,ExplainabilityForce::a::6,pr,semantic_similarity,0.436333270909916
vector,50,ContentForce::a::2,content,answer_correctness,0.0698574845638411
vector,50,EdgeForce::a::2,person,faithfulness,0.6666666666666666
vector,50,EdgeForce::a::2,person,context_recall_llm,0.0
vector,50,ContextForce::a::1,person,answer_correctness,0.04830546239024682
vector,50,FeedbackForce::a::5,content,semantic_similarity,0.539925886130444
vector,50,ContentForce::a::2,content,faithfulness,0.9166666666666666
vector,50,FlowForce::a::3,person,semantic_similarity,0.1989663849748448
vector,50,ExplainabilityForce::a::6,pr,context_recall_llm,1.0
vector,50,FeedbackForce::a::5,content,context_recall_llm,0.42857142857142855
vector,50,ExplainabilityForce::a::6,pr,faithfulness,0.8
vector,50,ForecastForce::a::4,content,semantic_similarity,0.4637454070468834
vector,50,FlowForce::a::3,person,context_recall_llm,0.0
vector,50,EdgeForce::a::2,person,answer_correctness,0.07144936662387762
vector,50,ExplainabilityForce::a::6,pr,answer_correctness,0.109083317727479
vector,50,InsightForce::a::5,content,semantic_similarity,0.44727885805396894
vector,50,ForecastForce::a::4,content,context_recall_llm,0.0
vector,50,FlowForce::a::3,person,faithfulness,1.0
vector,50,FeedbackForce::a::5,content,faithfulness,0.8888888888888888
vector,50,KnowledgeForce::a::4,content,semantic_similarity,0.2943249943911907
vector,50,InsightForce::a::5,content,context_recall_llm,1.0
vector,50,FlowForce::a::3,person,answer_correctness,0.0497415962437112
vector,50,KnowledgeForce::a::4,content,context_recall_llm,1.0
vector,50,LeadForce::a::5,content,semantic_similarity,0.3460615548940669
vector,50,FeedbackForce::a::5,content,answer_correctness,0.33498147153261104
vector,50,KnowledgeForce::a::4,content,faithfulness,0.9523809523809523
vector,50,ForecastForce::a::4,content,faithfulness,0.9803921568627451
vector,50,MonitorForce::a::5,pr,semantic_similarity,0.41807158124968397
vector,50,ForecastForce::a::4,content,answer_correctness,0.11593635176172085
vector,50,InsightForce::a::5,content,answer_correctness,0.19515304784682558
vector,50,InsightForce::a::5,content,faithfulness,0.9545454545454546
vector,50,PersonalizeForce::a::7,content,semantic_similarity,0.4117481427175317
vector,50,LeadForce::a::5,content,context_recall_llm,0.0
vector,50,KnowledgeForce::a::4,content,answer_correctness,0.07358124859779767
vector,50,MonitorForce::a::5,pr,context_recall_llm,0.0
vector,50,PitchForce::a::6,content,semantic_similarity,0.47735873943215246
vector,50,MonitorForce::a::5,pr,faithfulness,1.0
vector,50,PersonalizeForce::a::7,content,context_recall_llm,0.0
vector,50,LeadForce::a::5,content,faithfulness,1.0
vector,50,ProposalForce::a::11,content,semantic_similarity,0.446422332097886
vector,50,MonitorForce::a::5,pr,answer_correctness,0.10451789531242099
vector,50,LeadForce::a::5,content,answer_correctness,0.08651538872351673
vector,50,PersonalizeForce::a::7,content,faithfulness,1.0
vector,50,SearchFlow::a::12,content,semantic_similarity,0.7080698291639034
vector,50,PitchForce::a::6,content,context_recall_llm,0.4
vector,50,ProposalForce::a::11,content,context_recall_llm,1.0
vector,50,PitchForce::a::6,content,faithfulness,0.8888888888888888
vector,50,SearchForce::a::7,company,semantic_similarity,0.1996804390780163
vector,50,PersonalizeForce::a::7,content,answer_correctness,0.23930067204301927
vector,50,SearchFlow::a::12,content,context_recall_llm,0.6666666666666666
vector,50,SearchForce::a::7,company,context_recall_llm,0.0
vector,50,SecurityForce::a::7,content,semantic_similarity,0.7394721231878941
vector,50,SearchFlow::a::12,content,faithfulness,0.9615384615384616
vector,50,SearchForce::a::7,company,faithfulness,1.0
vector,50,SearchForce::a::7,company,answer_correctness,0.049920109769504076
vector,50,SentimentForce::a::8,person,semantic_similarity,0.23853230875921555
vector,50,SecurityForce::a::7,content,context_recall_llm,0.3333333333333333
vector,50,ProposalForce::a::11,content,answer_correctness,0.1116055830244715
vector,50,ProposalForce::a::11,content,faithfulness,0.5384615384615384
vector,50,SummarizeForce::a::11,person,semantic_similarity,0.18521249367295017
vector,50,SentimentForce::a::8,person,context_recall_llm,0.0
vector,50,SupportForce::a::5,content,semantic_similarity,0.32714293892049684
vector,50,SearchFlow::a::12,content,answer_correctness,0.523171303444822
vector,50,TrendForce::a::9,company,semantic_similarity,0.26090136793927377
vector,50,VizForce::a::16,url,semantic_similarity,0.627519953799255
vector,50,SentimentForce::a::8,person,faithfulness,1.0
vector,50,WorkFlowGenie::a::11,pr,semantic_similarity,0.3469808309101954
vector,50,ActionGenie::a::5,content,semantic_similarity,0.46466661328675163
vector,50,SecurityForce::a::7,content,faithfulness,1.0
vector,50,AnomalyForce::a::17,person,semantic_similarity,0.34534230532871374
vector,50,PitchForce::a::6,content,answer_correctness,0.3193396848580381
vector,50,SecurityForce::a::7,content,answer_correctness,0.6723680307969736
vector,50,AutoTuneForce::a::12,content,semantic_similarity,0.3229686758594441
vector,50,CoachForce::a::11,pr,semantic_similarity,0.409838998104751
vector,50,CollaborateForce::a::19,pr,semantic_similarity,0.4358319360309578
vector,50,CollaborationForce::a::12,content,semantic_similarity,0.224635896634974
vector,50,ConnectForce::a::7,pr,semantic_similarity,0.3744168136014431
vector,50,ContentForce::a::11,content,semantic_similarity,0.2816407483077632
vector,50,ContextForce::a::22,person,semantic_similarity,0.325259907657973
vector,50,EdgeForce::a::12,content,semantic_similarity,0.6242601714801088
vector,50,ExplainabilityForce::a::7,pr,semantic_similarity,0.31583064335234534
vector,50,FeedbackForce::a::6,content,semantic_similarity,0.30781187873029114
vector,50,FlowForce::a::12,content,semantic_similarity,0.2711937894418177
vector,50,ForecastForce::a::24,company,semantic_similarity,0.18068066757549692
lucene,50,ActionGenie::a::0,person,context_precision_id,0.06
lucene,50,ActionGenie::a::0,person,context_recall_id,0.17647058823529413
lucene,50,ActionGenie::a::0,person,string_similarity,0.07920792079207917
lucene,50,ActionGenie::a::0,person,rouge,0.0
lucene,50,ActionGenie::a::0,person,chrf,0.051894190792179676
lucene,50,ActionGenie::a::0,person,exact_match,0.0
lucene,50,ActionGenie::a::0,person,string_presence,0.0
lucene,50,AnomalyForce::a::0,content,string_similarity,0.21599999999999997
lucene,50,ActionGenie::a::0,person,context_precision_nonllm,0.06945054944823444
lucene,50,AnomalyForce::a::0,content,context_recall_nonllm,0.3076923076923077
lucene,50,AnomalyForce::a::0,content,bleu,0.033008601411579
lucene,50,ActionGenie::a::0,person,bleu,0.0
lucene,50,AnomalyForce::a::0,content,chrf,0.3915295173540689
lucene,50,AnomalyForce::a::0,content,exact_match,0.0
lucene,50,AnomalyForce::a::0,content,rouge,0.18652849740932642
lucene,50,AnomalyForce::a::0,content,context_recall_id,0.3076923076923077
lucene,50,AnomalyForce::a::0,content,context_precision_id,0.08
lucene,50,AutoTuneForce::a::0,person,context_recall_id,0.07142857142857142
lucene,50,AutoTuneForce::a::0,person,context_precision_id,0.02
lucene,50,AnomalyForce::a::0,content,context_precision_nonllm,0.3239936150723326
lucene,50,AutoTuneForce::a::0,person,bleu,0.0
lucene,50,AutoTuneForce::a::0,person,rouge,0.05405405405405405
lucene,50,AnomalyForce::a::0,content,string_presence,0.0
lucene,50,AutoTuneForce::a::0,person,string_presence,0.0
lucene,50,AutoTuneForce::a::0,person,string_similarity,0.03181818181818186
lucene,50,AutoTuneForce::a::0,person,chrf,0.051724724179117845
lucene,50,AutoTuneForce::a::0,person,exact_match,0.0
lucene,50,AutoTuneForce::a::0,person,context_precision_nonllm,0.041838937238626264
lucene,50,CoachForce::a::5,pr,context_recall_id,0.07692307692307693
lucene,50,CoachForce::a::5,pr,string_similarity,0.08057296329453889
lucene,50,CoachForce::a::5,pr,context_precision_id,0.04
lucene,50,ActionGenie::a::0,person,context_recall_nonllm,0.23529411764705882
lucene,50,CoachForce::a::5,pr,bleu,0.105086020315391
lucene,50,CoachForce::a::5,pr,rouge,0.14606741573033707
lucene,50,CoachForce::a::5,pr,chrf,0.32068180472596824
lucene,50,CollaborateForce::a::1,content,context_precision_id,0.02
lucene,50,CollaborateForce::a::1,content,context_recall_id,0.08333333333333333
lucene,50,CoachForce::a::5,pr,string_presence,0.0
lucene,50,CollaborateForce::a::1,content,string_similarity,0.2186528497409327
lucene,50,CollaborateForce::a::1,content,context_precision_nonllm,0.2070823636940743
lucene,50,CollaborateForce::a::1,content,rouge,0.3258426966292135
lucene,50,CoachForce::a::5,pr,exact_match,0.0
lucene,50,AutoTuneForce::a::0,person,context_recall_nonllm,0.07142857142857142
lucene,50,CollaborateForce::a::1,content,context_recall_nonllm,0.08333333333333333
lucene,50,CollaborateForce::a::1,content,chrf,0.521764024462081
lucene,50,CoachForce::a::5,pr,context_recall_nonllm,0.11538461538461539
lucene,50,CollaborateForce::a::1,content,bleu,0.009780683273472224
lucene,50,CollaborateForce::a::1,content,exact_match,0.0
lucene,50,CollaborateForce::a::1,content,string_presence,0.0
lucene,50,CollaborationForce::a::6,pr,context_recall_id,0.23404255319148937
lucene,50,CollaborationForce::a::6,pr,context_precision_id,0.22
lucene,50,CollaborationForce::a::6,pr,string_similarity,0.20770288858321873
lucene,50,CollaborationForce::a::6,pr,bleu,0.012986469319677835
lucene,50,CoachForce::a::5,pr,context_precision_nonllm,0.11927848901234915
lucene,50,CollaborationForce::a::6,pr,chrf,0.44433957873599667
lucene,50,ConnectForce::a::5,pr,context_precision_id,0.02
lucene,50,CollaborationForce::a::6,pr,rouge,0.265625
lucene,50,CollaborationForce::a::6,pr,string_presence,0.0
lucene,50,CollaborationForce::a::6,pr,exact_match,0.0
lucene,50,ConnectForce::a::5,pr,context_recall_id,0.03125
lucene,50,ConnectForce::a::5,pr,string_similarity,0.03598691384950925
lucene,50,ConnectForce::a::5,pr,bleu,0.0
lucene,50,ConnectForce::a::5,pr,chrf,0.06299554685134234
lucene,50,CollaborationForce::a::6,pr,context_precision_nonllm,0.5753808285475771
lucene,50,ConnectForce::a::5,pr,rouge,0.0
lucene,50,ConnectForce::a::5,pr,exact_match,0.0
lucene,50,ConnectForce::a::5,pr,context_recall_nonllm,0.03125
lucene,50,ConnectForce::a::5,pr,string_presence,0.0
lucene,50,ContentForce::a::2,content,context_recall_id,0.08333333333333333
lucene,50,ContentForce::a::2,content,context_precision_id,0.02
lucene,50,ConnectForce::a::5,pr,context_precision_nonllm,0.19999999998
lucene,50,ContentForce::a::2,content,string_similarity,0.1897506925207756
lucene,50,ContentForce::a::2,content,rouge,0.14285714285714288
lucene,50,ContentForce::a::2,content,bleu,0.007404789029105581
lucene,50,ContentForce::a::2,content,exact_match,0.0
lucene,50,ContentForce::a::2,content,string_presence,0.0
lucene,50,ContentForce::a::2,content,chrf,0.273734858837577
lucene,50,ContextForce::a::1,person,context_precision_id,0.0
lucene,50,ContentForce::a::2,content,context_precision_nonllm,0.4563481815882091
lucene,50,ContentForce::a::2,content,context_recall_nonllm,0.08333333333333333
lucene,50,ContextForce::a::1,person,context_recall_id,0.0
lucene,50,ContextForce::a::1,person,bleu,0.0
lucene,50,ContextForce::a::1,person,string_similarity,0.05040871934604907
lucene,50,ContextForce::a::1,person,exact_match,0.0
lucene,50,ContextForce::a::1,person,rouge,0.06557377049180328
lucene,50,ContextForce::a::1,person,chrf,0.10043174070407299
lucene,50,ContextForce::a::1,person,string_presence,0.0
lucene,50,CollaborationForce::a::6,pr,context_recall_nonllm,0.23404255319148937
lucene,50,EdgeForce::a::2,person,context_precision_id,0.0
lucene,50,EdgeForce::a::2,person,string_similarity,0.029465930018416242
lucene,50,ContextForce::a::1,person,context_precision_nonllm,0.0
lucene,50,EdgeForce::a::2,person,context_recall_id,0.0
lucene,50,ContextForce::a::1,person,context_recall_nonllm,0.0
lucene,50,EdgeForce::a::2,person,bleu,0.0
lucene,50,EdgeForce::a::2,person,rouge,0.0449438202247191
lucene,50,EdgeForce::a::2,person,exact_match,0.0
lucene,50,EdgeForce::a::2,person,chrf,0.04748645561747816
lucene,50,EdgeForce::a::2,person,context_precision_nonllm,0.0
lucene,50,EdgeForce::a::2,person,string_presence,0.0
lucene,50,ExplainabilityForce::a::6,pr,context_precision_id,0.04
lucene,50,ExplainabilityForce::a::6,pr,string_similarity,0.05017103762827824
lucene,50,ExplainabilityForce::a::6,pr,context_recall_id,0.11764705882352941
lucene,50,EdgeForce::a::2,person,context_recall_nonllm,0.0
lucene,50,ExplainabilityForce::a::6,pr,rouge,0.0851063829787234
lucene,50,ExplainabilityForce::a::6,pr,chrf,0.21469249282485414
lucene,50,ExplainabilityForce::a::6,pr,exact_match,0.0
lucene,50,ExplainabilityForce::a::6,pr,bleu,0.011599713834969503
lucene,50,FeedbackForce::a::5,content,context_precision_id,0.0
lucene,50,ExplainabilityForce::a::6,pr,string_presence,0.0
lucene,50,ExplainabilityForce::a::6,pr,context_recall_nonllm,0.11764705882352941
lucene,50,FeedbackForce::a::5,content,context_recall_id,0.0
lucene,50,FeedbackForce::a::5,content,chrf,0.3142974305361328
lucene,50,FeedbackForce::a::5,content,string_presence,0.0
lucene,50,FeedbackForce::a::5,content,context_precision_nonllm,0.0
lucene,50,FlowForce::a::3,person,context_precision_id,0.0
lucene,50,ExplainabilityForce::a::6,pr,context_precision_nonllm,0.22857142856380952
lucene,50,FeedbackForce::a::5,content,string_similarity,0.20246085011185677
lucene,50,FeedbackForce::a::5,content,bleu,0.01397253407143859
lucene,50,FeedbackForce::a::5,content,rouge,0.11834319526627218
lucene,50,FlowForce::a::3,person,context_recall_id,0.0
lucene,50,FeedbackForce::a::5,content,context_recall_nonllm,0.0
lucene,50,FlowForce::a::3,person,string_similarity,0.03828828828828834
lucene,50,FeedbackForce::a::5,content,exact_match,0.0
lucene,50,FlowForce::a::3,person,chrf,0.04148785682132693
lucene,50,FlowForce::a::3,person,rouge,0.0
lucene,50,FlowForce::a::3,person,exact_match,0.0
lucene,50,FlowForce::a::3,person,bleu,0.0
lucene,50,FlowForce::a::3,person,context_precision_nonllm,0.0
lucene,50,ForecastForce::a::4,content,context_precision_id,0.06
lucene,50,ForecastForce::a::4,content,context_recall_id,0.033707865168539325
lucene,50,FlowForce::a::3,person,context_recall_nonllm,0.0
lucene,50,FlowForce::a::3,person,string_presence,0.0
lucene,50,ForecastForce::a::4,content,bleu,0.006480585186551399
lucene,50,ForecastForce::a::4,content,string_similarity,0.26644736842105265
lucene,50,ForecastForce::a::4,content,chrf,0.32972340841007974
lucene,50,ForecastForce::a::4,content,rouge,0.17187500000000003
lucene,50,ForecastForce::a::4,content,exact_match,0.0
lucene,50,ForecastForce::a::4,content,string_presence,0.0
lucene,50,InsightForce::a::5,content,context_recall_id,0.25
lucene,50,InsightForce::a::5,content,context_precision_id,0.14
lucene,50,InsightForce::a::5,content,chrf,0.27160913804884473
lucene,50,InsightForce::a::5,content,string_similarity,0.09852216748768472
lucene,50,InsightForce::a::5,content,exact_match,0.0
lucene,50,InsightForce::a::5,content,bleu,0.010885011049519644
lucene,50,InsightForce::a::5,content,string_presence,0.0
lucene,50,ForecastForce::a::4,content,context_recall_nonllm,0.06741573033707865
lucene,50,KnowledgeForce::a::4,content,context_precision_id,0.08
lucene,50,InsightForce::a::5,content,rouge,0.08450704225352113
lucene,50,KnowledgeForce::a::4,content,context_recall_id,0.3076923076923077
lucene,50,ForecastForce::a::4,content,context_precision_nonllm,0.29592159694017967
lucene,50,KnowledgeForce::a::4,content,string_similarity,0.19095477386934678
lucene,50,KnowledgeForce::a::4,content,context_recall_nonllm,0.3076923076923077
lucene,50,KnowledgeForce::a::4,content,bleu,0.10905064129627866
lucene,50,KnowledgeForce::a::4,content,exact_match,0.0
lucene,50,KnowledgeForce::a::4,content,rouge,0.23762376237623759
lucene,50,InsightForce::a::5,content,context_precision_nonllm,0.38682833709923703
lucene,50,KnowledgeForce::a::4,content,string_presence,0.0
lucene,50,LeadForce::a::5,content,context_recall_id,0.024691358024691357
lucene,50,InsightForce::a::5,content,context_recall_nonllm,0.25
lucene,50,LeadForce::a::5,content,context_precision_id,0.04
lucene,50,KnowledgeForce::a::4,content,chrf,0.4490755900159145
lucene,50,KnowledgeForce::a::4,content,context_precision_nonllm,0.3244077102622831
lucene,50,LeadForce::a::5,content,string_similarity,0.24804992199687992
lucene,50,LeadForce::a::5,content,rouge,0.16438356164383564
lucene,50,LeadForce::a::5,content,bleu,0.008107831830711794
lucene,50,LeadForce::a::5,content,exact_match,0.0
lucene,50,LeadForce::a::5,content,chrf,0.31650551844669744
lucene,50,LeadForce::a::5,content,string_presence,0.0
lucene,50,MonitorForce::a::5,pr,context_precision_id,0.04
lucene,50,MonitorForce::a::5,pr,context_recall_id,0.125
lucene,50,MonitorForce::a::5,pr,rouge,0.11428571428571428
lucene,50,MonitorForce::a::5,pr,string_similarity,0.06739811912225702
lucene,50,MonitorForce::a::5,pr,bleu,0.19608977012647888
lucene,50,MonitorForce::a::5,pr,chrf,0.27909681303186495
lucene,50,MonitorForce::a::5,pr,context_precision_nonllm,0.12261904761496033
lucene,50,MonitorForce::a::5,pr,exact_match,0.0
lucene,50,LeadForce::a::5,content,context_recall_nonllm,0.024691358024691357
lucene,50,PersonalizeForce::a::7,content,context_recall_id,0.08333333333333333
lucene,50,MonitorForce::a::5,pr,string_presence,0.0
lucene,50,PersonalizeForce::a::7,content,context_precision_id,0.02
lucene,50,MonitorForce::a::5,pr,context_recall_nonllm,0.1875
lucene,50,PersonalizeForce::a::7,content,context_precision_nonllm,0.14876174245709628
lucene,50,LeadForce::a::5,content,context_precision_nonllm,0.455445189548021
lucene,50,PersonalizeForce::a::7,content,context_recall_nonllm,0.08333333333333333
lucene,50,PersonalizeForce::a::7,content,bleu,0.01385083059540409
lucene,50,PersonalizeForce::a::7,content,string_similarity,0.24285714285714288
lucene,50,PersonalizeForce::a::7,content,chrf,0.2896826185418727
lucene,50,PersonalizeForce::a::7,content,rouge,0.15789473684210525
lucene,50,PersonalizeForce::a::7,content,exact_match,0.0
lucene,50,PitchForce::a::6,content,context_precision_id,0.06
lucene,50,PitchForce::a::6,content,context_recall_id,0.03333333333333333
lucene,50,PersonalizeForce::a::7,content,string_presence,0.0
lucene,50,PitchForce::a::6,content,string_similarity,0.24411764705882355
lucene,50,PitchForce::a::6,content,bleu,0.05815868174415823
lucene,50,PitchForce::a::6,content,exact_match,0.0
lucene,50,PitchForce::a::6,content,rouge,0.09395973154362416
lucene,50,PitchForce::a::6,content,string_presence,0.0
lucene,50,PitchForce::a::6,content,chrf,0.18782937072531727
lucene,50,ProposalForce::a::11,content,context_precision_id,0.02
lucene,50,ProposalForce::a::11,content,string_similarity,0.174573055028463
lucene,50,ProposalForce::a::11,content,context_recall_id,0.08333333333333333
lucene,50,ProposalForce::a::11,content,bleu,0.04404079465390775
lucene,50,ProposalForce::a::11,content,context_precision_nonllm,0.3191533814452918
lucene,50,ProposalForce::a::11,content,chrf,0.317916892220936
lucene,50,PitchForce::a::6,content,context_recall_nonllm,0.044444444444444446
lucene,50,ProposalForce::a::11,content,exact_match,0.0
lucene,50,ProposalForce::a::11,content,rouge,0.15469613259668508
lucene,50,ProposalForce::a::11,content,context_recall_nonllm,0.08333333333333333
lucene,50,SearchFlow::a::12,content,context_precision_id,0.02
lucene,50,PitchForce::a::6,content,context_precision_nonllm,0.04334510694218199
lucene,50,ProposalForce::a::11,content,string_presence,0.0
lucene,50,SearchFlow::a::12,content,context_recall_id,0.01282051282051282
lucene,50,SearchFlow::a::12,content,string_similarity,0.418546365914787
lucene,50,SearchFlow::a::12,content,chrf,0.39036305926419357
lucene,50,SearchFlow::a::12,content,string_presence,0.0
lucene,50,SearchFlow::a::12,content,bleu,0.25866849054107066
lucene,50,SearchFlow::a::12,content,rouge,0.4245810055865921
lucene,50,SearchFlow::a::12,content,exact_match,0.0
lucene,50,SearchForce::a::7,company,context_precision_id,0.06
lucene,50,SearchForce::a::7,company,context_recall_id,0.03333333333333333
lucene,50,SearchForce::a::7,company,string_similarity,0.037931034482758585
lucene,50,SearchForce::a::7,company,exact_match,0.0
lucene,50,SearchForce::a::7,company,bleu,0.0
lucene,50,SearchForce::a::7,company,string_presence,0.0
lucene,50,SecurityForce::a::7,content,context_recall_id,0.11392405063291139
lucene,50,SearchForce::a::7,company,rouge,0.0
lucene,50,SearchForce::a::7,company,chrf,0.05432941121871324
lucene,50,SearchForce::a::7,company,context_precision_nonllm,0.4903982610064468
lucene,50,SecurityForce::a::7,content,context_precision_id,0.18
lucene,50,SecurityForce::a::7,content,bleu,0.1672412003067061
lucene,50,SecurityForce::a::7,content,string_similarity,0.2709923664122137
lucene,50,SecurityForce::a::7,content,chrf,0.46838414092399283
lucene,50,SearchFlow::a::12,content,context_precision_nonllm,0.249999999975
lucene,50,SecurityForce::a::7,content,rouge,0.23076923076923075
lucene,50,SearchForce::a::7,company,context_recall_nonllm,0.03333333333333333
lucene,50,SentimentForce::a::8,person,context_precision_id,0.1
lucene,50,SearchFlow::a::12,content,context_recall_nonllm,0.01282051282051282
lucene,50,SecurityForce::a::7,content,string_presence,0.0
lucene,50,SecurityForce::a::7,content,exact_match,0.0
lucene,50,SecurityForce::a::7,content,context_precision_nonllm,0.31715176676867074
lucene,50,SentimentForce::a::8,person,bleu,0.0
lucene,50,SentimentForce::a::8,person,string_similarity,0.020942408376963373
lucene,50,SentimentForce::a::8,person,chrf,0.023882824563638397
lucene,50,SentimentForce::a::8,person,exact_match,0.0
lucene,50,SummarizeForce::a::11,person,context_precision_id,0.08
lucene,50,SummarizeForce::a::11,person,context_recall_id,0.05
lucene,50,SentimentForce::a::8,person,context_recall_nonllm,0.054945054945054944
lucene,50,SentimentForce::a::8,person,context_recall_id,0.054945054945054944
lucene,50,SummarizeForce::a::11,person,string_similarity,0.07547169811320753
lucene,50,SentimentForce::a::8,person,rouge,0.0
lucene,50,SummarizeForce::a::11,person,rouge,0.10126582278481013
lucene,50,SentimentForce::a::8,person,string_presence,0.0
lucene,50,SummarizeForce::a::11,person,bleu,0.03419816740540655
lucene,50,SecurityForce::a::7,content,context_recall_nonllm,0.11392405063291139
lucene,50,SummarizeForce::a::11,person,exact_match,0.0
lucene,50,SummarizeForce::a::11,person,chrf,0.22280311606603653
lucene,50,SummarizeForce::a::11,person,string_presence,0.0
lucene,50,SupportForce::a::5,content,context_precision_id,0.0
lucene,50,SupportForce::a::5,content,context_precision_nonllm,0.0
lucene,50,SupportForce::a::5,content,context_recall_id,0.0
lucene,50,SupportForce::a::5,content,string_similarity,0.13450292397660824
lucene,50,SupportForce::a::5,content,bleu,0.0
lucene,50,SupportForce::a::5,content,rouge,0.041379310344827586
lucene,50,SentimentForce::a::8,person,context_precision_nonllm,0.9210668170148364
lucene,50,SupportForce::a::5,content,exact_match,0.0
lucene,50,SupportForce::a::5,content,chrf,0.15513044804338436
lucene,50,TrendForce::a::9,company,context_precision_id,0.12
lucene,50,SupportForce::a::5,content,context_recall_nonllm,0.0
lucene,50,SupportForce::a::5,content,string_presence,0.0
lucene,50,TrendForce::a::9,company,context_recall_id,0.06818181818181818
lucene,50,TrendForce::a::9,company,string_similarity,0.050135501355013545
lucene,50,TrendForce::a::9,company,bleu,0.0
lucene,50,TrendForce::a::9,company,chrf,0.0552720547845963
lucene,50,TrendForce::a::9,company,exact_match,0.0
lucene,50,TrendForce::a::9,company,rouge,0.0
lucene,50,SummarizeForce::a::11,person,context_recall_nonllm,0.05
lucene,50,TrendForce::a::9,company,string_presence,0.0
lucene,50,VizForce::a::16,url,context_recall_id,0.034482758620689655
lucene,50,SummarizeForce::a::11,person,context_precision_nonllm,0.16000939849224036
lucene,50,VizForce::a::16,url,context_precision_id,0.06
lucene,50,VizForce::a::16,url,bleu,0.005072064261658945
lucene,50,VizForce::a::16,url,rouge,0.08
lucene,50,VizForce::a::16,url,string_similarity,0.10510510510510507
lucene,50,TrendForce::a::9,company,context_recall_nonllm,0.07954545454545454
lucene,50,VizForce::a::16,url,exact_match,0.0
lucene,50,TrendForce::a::9,company,context_precision_nonllm,0.5211310272590631
lucene,50,VizForce::a::16,url,chrf,0.18464187920792954
lucene,50,VizForce::a::16,url,string_presence,0.0
lucene,50,WorkFlowGenie::a::11,pr,context_precision_id,0.02
lucene,50,WorkFlowGenie::a::11,pr,context_recall_id,0.041666666666666664
lucene,50,WorkFlowGenie::a::11,pr,bleu,0.07388750216483754
lucene,50,VizForce::a::16,url,context_recall_nonllm,0.034482758620689655
lucene,50,WorkFlowGenie::a::11,pr,string_similarity,0.0565045992115637
lucene,50,WorkFlowGenie::a::11,pr,rouge,0.09917355371900825
lucene,50,WorkFlowGenie::a::11,pr,exact_match,0.0
lucene,50,WorkFlowGenie::a::11,pr,chrf,0.2482912365008676
lucene,50,WorkFlowGenie::a::11,pr,string_presence,0.0
lucene,50,WorkFlowGenie::a::11,pr,context_precision_nonllm,0.07142857142142857
lucene,50,ActionGenie::a::5,content,string_similarity,0.20960295475530932
lucene,50,ActionGenie::a::5,content,context_recall_id,0.07692307692307693
lucene,50,ActionGenie::a::5,content,context_precision_id,0.06
lucene,50,ActionGenie::a::5,content,bleu,0.017927027148519247
lucene,50,ActionGenie::a::5,content,rouge,0.2058823529411765
lucene,50,VizForce::a::16,url,context_precision_nonllm,0.2566137566052028
lucene,50,AnomalyForce::a::17,person,context_precision_id,0.0
lucene,50,ActionGenie::a::5,content,context_precision_nonllm,0.4833333333172222
lucene,50,ActionGenie::a::5,content,string_presence,0.0
lucene,50,ActionGenie::a::5,content,chrf,0.3797682707665321
lucene,50,AnomalyForce::a::17,person,string_similarity,0.026162790697674465
lucene,50,AnomalyForce::a::17,person,context_recall_id,0.0
lucene,50,ActionGenie::a::5,content,exact_match,0.0
lucene,50,AnomalyForce::a::17,person,rouge,0.038461538461538464
lucene,50,AnomalyForce::a::17,person,string_presence,0.0
lucene,50,AnomalyForce::a::17,person,bleu,0.014005547834201399
lucene,50,WorkFlowGenie::a::11,pr,context_recall_nonllm,0.041666666666666664
lucene,50,AnomalyForce::a::17,person,chrf,0.0461474595568582
lucene,50,AnomalyForce::a::17,person,exact_match,0.0
lucene,50,ActionGenie::a::5,content,context_recall_nonllm,0.07692307692307693
lucene,50,AutoTuneForce::a::12,content,context_precision_id,0.04
lucene,50,AutoTuneForce::a::12,content,context_recall_id,0.05405405405405406
lucene,50,AutoTuneForce::a::12,content,rouge,0.05741626794258373
lucene,50,AutoTuneForce::a::12,content,string_similarity,0.09006433166547534
lucene,50,AutoTuneForce::a::12,content,bleu,0.0024519994934608415
lucene,50,AutoTuneForce::a::12,content,exact_match,0.0
lucene,50,CoachForce::a::11,pr,context_recall_id,0.07317073170731707
lucene,50,AnomalyForce::a::17,person,context_precision_nonllm,0.0
lucene,50,AutoTuneForce::a::12,content,string_presence,0.0
lucene,50,AnomalyForce::a::17,person,context_recall_nonllm,0.0
lucene,50,CoachForce::a::11,pr,context_precision_id,0.06
lucene,50,AutoTuneForce::a::12,content,chrf,0.1827618094304805
lucene,50,CoachForce::a::11,pr,bleu,0.007720086343476184
lucene,50,CoachForce::a::11,pr,string_similarity,0.0984455958549223
lucene,50,CoachForce::a::11,pr,exact_match,0.0
lucene,50,AutoTuneForce::a::12,content,context_precision_nonllm,0.05756578947080592
lucene,50,CoachForce::a::11,pr,rouge,0.09356725146198831
lucene,50,CollaborateForce::a::19,pr,context_precision_id,0.06
lucene,50,CoachForce::a::11,pr,chrf,0.2502320362130477
lucene,50,CoachForce::a::11,pr,context_recall_nonllm,0.07317073170731707
lucene,50,CoachForce::a::11,pr,context_precision_nonllm,0.06070016939379823
lucene,50,CoachForce::a::11,pr,string_presence,0.0
lucene,50,CollaborateForce::a::19,pr,bleu,0.004152349438143183
lucene,50,CollaborateForce::a::19,pr,rouge,0.05263157894736841
lucene,50,CollaborateForce::a::19,pr,string_similarity,0.09237875288683606
lucene,50,CollaborateForce::a::19,pr,context_recall_id,0.05263157894736842
lucene,50,CollaborateForce::a::19,pr,exact_match,0.0
lucene,50,AutoTuneForce::a::12,content,context_recall_nonllm,0.05405405405405406
lucene,50,CollaborateForce::a::19,pr,chrf,0.19712498901610176
lucene,50,CollaborationForce::a::12,content,context_precision_id,0.0
lucene,50,CollaborateForce::a::19,pr,string_presence,0.0
lucene,50,CollaborationForce::a::12,content,context_recall_id,0.0
lucene,50,CollaborationForce::a::12,content,rouge,0.04048582995951417
lucene,50,CollaborateForce::a::19,pr,context_recall_nonllm,0.05263157894736842
lucene,50,CollaborationForce::a::12,content,exact_match,0.0
lucene,50,CollaborationForce::a::12,content,string_presence,0.0
lucene,50,CollaborationForce::a::12,content,chrf,0.20067453548105652
lucene,50,ConnectForce::a::7,pr,context_precision_id,0.04
lucene,50,CollaborationForce::a::12,content,bleu,0.00540012536446339
lucene,50,CollaborationForce::a::12,content,string_similarity,0.1154806491885143
lucene,50,ConnectForce::a::7,pr,context_recall_id,0.07142857142857142
lucene,50,ConnectForce::a::7,pr,string_similarity,0.027047913446677008
lucene,50,CollaborateForce::a::19,pr,context_precision_nonllm,0.5763888888696759
lucene,50,ConnectForce::a::7,pr,rouge,0.0
lucene,50,ConnectForce::a::7,pr,bleu,0.0
lucene,50,ConnectForce::a::7,pr,exact_match,0.0
lucene,50,ConnectForce::a::7,pr,string_presence,0.0
lucene,50,ContentForce::a::11,content,context_precision_id,0.0
lucene,50,ConnectForce::a::7,pr,chrf,0.04615460977826603
lucene,50,CollaborationForce::a::12,content,context_precision_nonllm,0.0
lucene,50,ContentForce::a::11,content,context_recall_id,0.0
lucene,50,ConnectForce::a::7,pr,context_recall_nonllm,0.07142857142857142
lucene,50,ContentForce::a::11,content,bleu,0.003535815213602243
lucene,50,ContentForce::a::11,content,string_similarity,0.09966024915062288
lucene,50,ContentForce::a::11,content,chrf,0.15133287547576377
lucene,50,ConnectForce::a::7,pr,context_precision_nonllm,0.07393483708903509
lucene,50,ContentForce::a::11,content,exact_match,0.0
lucene,50,ContentForce::a::11,content,rouge,0.05925925925925927
lucene,50,ContentForce::a::11,content,context_precision_nonllm,0.0
lucene,50,CollaborationForce::a::12,content,context_recall_nonllm,0.0
lucene,50,ContextForce::a::22,person,context_precision_id,0.06
lucene,50,ContextForce::a::22,person,context_recall_id,0.036585365853658534
lucene,50,ContentForce::a::11,content,context_recall_nonllm,0.0
lucene,50,ContentForce::a::11,content,string_presence,0.0
lucene,50,ContextForce::a::22,person,string_similarity,0.030063291139240556
lucene,50,ContextForce::a::22,person,rouge,0.06593406593406592
lucene,50,ContextForce::a::22,person,bleu,0.009980764854746098
lucene,50,EdgeForce::a::12,content,context_precision_id,0.12
lucene,50,EdgeForce::a::12,content,context_recall_id,0.4
lucene,50,ContextForce::a::22,person,exact_match,0.0
lucene,50,ContextForce::a::22,person,chrf,0.11580342156132599
lucene,50,ContextForce::a::22,person,string_presence,0.0
lucene,50,EdgeForce::a::12,content,string_similarity,0.15392670157068067
lucene,50,EdgeForce::a::12,content,context_precision_nonllm,0.5515782828190898
lucene,50,EdgeForce::a::12,content,bleu,0.04621362667122021
lucene,50,EdgeForce::a::12,content,exact_match,0.0
lucene,50,EdgeForce::a::12,content,rouge,0.1317365269461078
lucene,50,ContextForce::a::22,person,context_precision_nonllm,0.32083333332531255
lucene,50,ExplainabilityForce::a::7,pr,context_recall_id,0.13333333333333333
lucene,50,EdgeForce::a::12,content,chrf,0.33758380386390047
lucene,50,EdgeForce::a::12,content,context_recall_nonllm,0.4
lucene,50,ContextForce::a::22,person,context_recall_nonllm,0.04878048780487805
lucene,50,EdgeForce::a::12,content,string_presence,0.0
lucene,50,ExplainabilityForce::a::7,pr,context_precision_id,0.08
lucene,50,ExplainabilityForce::a::7,pr,rouge,0.03225806451612903
lucene,50,ExplainabilityForce::a::7,pr,string_similarity,0.038461538461538436
lucene,50,ExplainabilityForce::a::7,pr,bleu,0.024455939372403628
lucene,50,ExplainabilityForce::a::7,pr,chrf,0.07727056740275977
lucene,50,ExplainabilityForce::a::7,pr,exact_match,0.0
lucene,50,FeedbackForce::a::6,content,context_precision_id,0.0
lucene,50,ExplainabilityForce::a::7,pr,string_presence,0.0
lucene,50,FeedbackForce::a::6,content,context_recall_id,0.0
lucene,50,ExplainabilityForce::a::7,pr,context_recall_nonllm,0.13333333333333333
lucene,50,ExplainabilityForce::a::7,pr,context_precision_nonllm,0.4866666666569333
lucene,50,FeedbackForce::a::6,content,string_similarity,0.09185803757828814
lucene,50,FeedbackForce::a::6,content,exact_match,0.0
lucene,50,FeedbackForce::a::6,content,bleu,0.0035026680280250137
lucene,50,FeedbackForce::a::6,content,rouge,0.06802721088435373
lucene,50,FeedbackForce::a::6,content,chrf,0.19164720748295655
lucene,50,FeedbackForce::a::6,content,string_presence,0.0
lucene,50,FlowForce::a::12,content,context_precision_id,0.06
lucene,50,FlowForce::a::12,content,string_similarity,0.04137931034482756
lucene,50,FlowForce::a::12,content,context_recall_id,0.1875
lucene,50,FlowForce::a::12,content,rouge,0.08695652173913045
lucene,50,FlowForce::a::12,content,exact_match,0.0
lucene,50,FlowForce::a::12,content,chrf,0.1086816089640196
lucene,50,FlowForce::a::12,content,context_precision_nonllm,0.6923076922846154
lucene,50,FlowForce::a::12,content,context_recall_nonllm,0.1875
lucene,50,FlowForce::a::12,content,bleu,0.003701380831729872
lucene,50,ForecastForce::a::24,company,context_precision_id,0.06
lucene,50,ForecastForce::a::24,company,context_recall_id,0.06666666666666667
lucene,50,FlowForce::a::12,content,string_presence,0.0
lucene,50,ForecastForce::a::24,company,string_similarity,0.04228855721393032
lucene,50,ForecastForce::a::24,company,bleu,0.0
lucene,50,ForecastForce::a::24,company,rouge,0.0
lucene,50,ForecastForce::a::24,company,context_precision_nonllm,0.4010943617895487
lucene,50,ForecastForce::a::24,company,string_presence,0.0
lucene,50,InsightForce::a::6,content,context_precision_id,0.04
lucene,50,ForecastForce::a::24,company,exact_match,0.0
lucene,50,ForecastForce::a::24,company,chrf,0.05647235991741337
lucene,50,InsightForce::a::6,content,context_recall_id,0.0425531914893617
lucene,50,FeedbackForce::a::6,content,context_precision_nonllm,0.0
lucene,50,ForecastForce::a::24,company,context_recall_nonllm,0.08888888888888889
lucene,50,InsightForce::a::6,content,rouge,0.26153846153846155
lucene,50,InsightForce::a::6,content,exact_match,0.0
lucene,50,InsightForce::a::6,content,chrf,0.4238386792177288
lucene,50,InsightForce::a::6,content,bleu,0.056397063372656486
lucene,50,InsightForce::a::6,content,string_presence,0.0
lucene,50,InsightForce::a::6,content,string_similarity,0.25320056899004273
lucene,50,KnowledgeForce::a::14,content,context_precision_id,0.04
lucene,50,FeedbackForce::a::6,content,context_recall_nonllm,0.0
lucene,50,KnowledgeForce::a::14,content,context_recall_id,0.05263157894736842
lucene,50,InsightForce::a::6,content,context_precision_nonllm,0.37499999998125
lucene,50,KnowledgeForce::a::14,content,rouge,0.12658227848101264
lucene,50,KnowledgeForce::a::14,content,string_similarity,0.18129079042784624
lucene,50,InsightForce::a::6,content,context_recall_nonllm,0.0425531914893617
lucene,50,KnowledgeForce::a::14,content,bleu,0.018072112361080073
lucene,50,KnowledgeForce::a::14,content,chrf,0.31567998901933664
lucene,50,KnowledgeForce::a::14,content,string_presence,0.0
lucene,50,KnowledgeForce::a::14,content,exact_match,0.0
lucene,50,LeadForce::a::13,pr,context_precision_id,0.06
lucene,50,LeadForce::a::13,pr,context_recall_id,0.10714285714285714
lucene,50,LeadForce::a::13,pr,bleu,0.09865952071606056
lucene,50,LeadForce::a::13,pr,string_similarity,0.08630609896432684
lucene,50,KnowledgeForce::a::14,content,context_recall_nonllm,0.05263157894736842
lucene,50,LeadForce::a::13,pr,chrf,0.2974777291333128
lucene,50,LeadForce::a::13,pr,exact_match,0.0
lucene,50,LeadForce::a::13,pr,rouge,0.1342281879194631
lucene,50,LeadForce::a::13,pr,string_presence,0.0
lucene,50,MonitorForce::a::16,company,context_recall_id,0.07692307692307693
lucene,50,KnowledgeForce::a::14,content,context_precision_nonllm,0.24285714284499998
lucene,50,MonitorForce::a::16,company,context_precision_id,0.18
lucene,50,MonitorForce::a::16,company,bleu,0.0
lucene,50,MonitorForce::a::16,company,string_similarity,0.03397027600849256
lucene,50,MonitorForce::a::16,company,chrf,0.05120409416619976
lucene,50,MonitorForce::a::16,company,rouge,0.0
lucene,50,MonitorForce::a::16,company,exact_match,0.0
lucene,50,LeadForce::a::13,pr,context_precision_nonllm,0.09393939393626263
lucene,50,LeadForce::a::13,pr,context_recall_nonllm,0.10714285714285714
lucene,50,PersonalizeForce::a::24,company,context_precision_id,0.16
lucene,50,MonitorForce::a::16,company,string_presence,0.0
lucene,50,PersonalizeForce::a::24,company,bleu,0.0
lucene,50,PersonalizeForce::a::24,company,context_recall_id,0.11594202898550725
lucene,50,MonitorForce::a::16,company,context_precision_nonllm,0.45325042695418544
lucene,50,PersonalizeForce::a::24,company,chrf,0.06999113475489141
lucene,50,PersonalizeForce::a::24,company,string_similarity,0.04423380726698267
lucene,50,PersonalizeForce::a::24,company,rouge,0.0
lucene,50,PitchForce::a::25,person,context_precision_id,0.18
lucene,50,PersonalizeForce::a::24,company,exact_match,0.0
lucene,50,MonitorForce::a::16,company,context_recall_nonllm,0.07692307692307693
lucene,50,PersonalizeForce::a::24,company,string_presence,0.0
lucene,50,PitchForce::a::25,person,context_recall_id,0.15517241379310345
lucene,50,PersonalizeForce::a::24,company,context_precision_nonllm,0.8948412698300844
lucene,50,PitchForce::a::25,person,bleu,0.012981885208931374
lucene,50,PitchForce::a::25,person,rouge,0.04225352112676056
lucene,50,PitchForce::a::25,person,chrf,0.12198753181471575
lucene,50,PitchForce::a::25,person,string_similarity,0.029988465974625123
lucene,50,PitchForce::a::25,person,exact_match,0.0
lucene,50,ProposalForce::a::17,content,context_precision_id,0.06
lucene,50,PersonalizeForce::a::24,company,context_recall_nonllm,0.11594202898550725
lucene,50,ProposalForce::a::17,content,string_similarity,0.16848673946957882
lucene,50,ProposalForce::a::17,content,context_recall_id,0.07692307692307693
lucene,50,PitchForce::a::25,person,string_presence,0.0
lucene,50,PitchForce::a::25,person,context_recall_nonllm,0.15517241379310345
lucene,50,ProposalForce::a::17,content,rouge,0.15254237288135591
lucene,50,ProposalForce::a::17,content,bleu,0.007735615314649244
lucene,50,ProposalForce::a::17,content,chrf,0.4049856395416703
lucene,50,SearchFlow::a::33,person,context_precision_id,0.1
lucene,50,ProposalForce::a::17,content,context_recall_nonllm,0.07692307692307693
lucene,50,ProposalForce::a::17,content,context_precision_nonllm,0.09313205388023268
lucene,50,ProposalForce::a::17,content,string_presence,0.0
lucene,50,ProposalForce::a::17,content,exact_match,0.0
lucene,50,SearchFlow::a::33,person,context_recall_id,0.1
lucene,50,SearchFlow::a::33,person,string_similarity,0.04553734061930781
lucene,50,PitchForce::a::25,person,context_precision_nonllm,0.539633655388529
lucene,50,SearchFlow::a::33,person,chrf,0.12741930805737697
lucene,50,SearchFlow::a::33,person,rouge,0.08888888888888889
lucene,50,SearchFlow::a::33,person,bleu,0.01887269761460794
lucene,50,SearchFlow::a::33,person,string_presence,0.0
lucene,50,SearchForce::a::16,pr,context_precision_id,0.06
lucene,50,SearchFlow::a::33,person,exact_match,0.0
lucene,50,SearchForce::a::16,pr,context_recall_id,0.11538461538461539
lucene,50,SearchForce::a::16,pr,string_similarity,0.028826355525051528
lucene,50,SearchForce::a::16,pr,context_precision_nonllm,0.0982870176398906
lucene,50,SearchFlow::a::33,person,context_recall_nonllm,0.12
lucene,50,SearchForce::a::16,pr,chrf,0.1388323751573013
lucene,50,SearchForce::a::16,pr,rouge,0.05333333333333334
lucene,50,SearchForce::a::16,pr,exact_match,0.0
lucene,50,SearchForce::a::16,pr,bleu,0.046716246173500134
lucene,50,SearchFlow::a::33,person,context_precision_nonllm,0.31642650755598556
lucene,50,SentimentForce::a::26,content,context_precision_id,0.02
lucene,50,SearchForce::a::16,pr,string_presence,0.0
lucene,50,SentimentForce::a::26,content,context_recall_id,0.041666666666666664
lucene,50,SentimentForce::a::26,content,rouge,0.01801801801801802
lucene,50,SearchForce::a::16,pr,context_recall_nonllm,0.15384615384615385
lucene,50,SentimentForce::a::26,content,chrf,0.054706332834970534
lucene,50,SentimentForce::a::26,content,bleu,0.008165967685677476
lucene,50,SentimentForce::a::26,content,string_similarity,0.04488078541374474
lucene,50,SentimentForce::a::26,content,string_presence,0.0
lucene,50,SentimentForce::a::26,content,context_recall_nonllm,0.041666666666666664
lucene,50,SentimentForce::a::26,content,context_precision_nonllm,0.06666666666
lucene,50,SummarizeForce::a::23,content,context_recall_id,0.15384615384615385
lucene,50,SentimentForce::a::26,content,exact_match,0.0
lucene,50,SummarizeForce::a::23,content,context_precision_id,0.04
lucene,50,SummarizeForce::a::23,content,string_similarity,0.06313993174061439
lucene,50,SummarizeForce::a::23,content,bleu,0.0
lucene,50,SummarizeForce::a::23,content,chrf,0.0867281508633546
lucene,50,SummarizeForce::a::23,content,string_presence,0.0
lucene,50,SummarizeForce::a::23,content,context_recall_nonllm,0.15384615384615385
lucene,50,SummarizeForce::a::23,content,rouge,0.020408163265306128
lucene,50,SummarizeForce::a::23,content,exact_match,0.0
lucene,50,SupportForce::a::6,content,context_precision_id,0.1
lucene,50,SupportForce::a::6,content,context_recall_id,0.07575757575757576
lucene,50,SupportForce::a::6,content,bleu,0.004778352022563253
lucene,50,SupportForce::a::6,content,string_similarity,0.1090781140042224
lucene,50,SupportForce::a::6,content,exact_match,0.0
lucene,50,SupportForce::a::6,content,chrf,0.15381542618806016
lucene,50,SummarizeForce::a::23,content,context_precision_nonllm,0.6359375472954024
lucene,50,VizForce::a::43,person,context_recall_id,0.023622047244094488
lucene,50,VizForce::a::43,person,context_precision_id,0.12
lucene,50,SupportForce::a::6,content,string_presence,0.0
lucene,50,SupportForce::a::6,content,rouge,0.044444444444444446
lucene,50,VizForce::a::43,person,string_similarity,0.02890932982917216
lucene,50,VizForce::a::43,person,bleu,0.014581107988631128
lucene,50,SupportForce::a::6,content,context_precision_nonllm,0.41171121350943085
lucene,50,VizForce::a::43,person,exact_match,0.0
lucene,50,VizForce::a::43,person,chrf,0.08723310048729267
lucene,50,VizForce::a::43,person,rouge,0.050420168067226885
lucene,50,ActionGenie::a::7,content,context_recall_id,0.04
lucene,50,VizForce::a::43,person,string_presence,0.0
lucene,50,ActionGenie::a::7,content,context_precision_id,0.04
lucene,50,ActionGenie::a::7,content,string_similarity,0.20902255639097744
lucene,50,ActionGenie::a::7,content,rouge,0.2413793103448276
lucene,50,ActionGenie::a::7,content,chrf,0.42714517207628633
lucene,50,ActionGenie::a::7,content,exact_match,0.0
lucene,50,ActionGenie::a::7,content,bleu,0.01588011771404737
lucene,50,ActionGenie::a::7,content,string_presence,0.0
lucene,50,SupportForce::a::6,content,context_recall_nonllm,0.07575757575757576
lucene,50,AutoTuneForce::a::13,content,context_precision_id,0.0
lucene,50,AutoTuneForce::a::13,content,context_recall_id,0.0
lucene,50,AutoTuneForce::a::13,content,string_similarity,0.16132075471698115
lucene,50,AutoTuneForce::a::13,content,rouge,0.10588235294117647
lucene,50,AutoTuneForce::a::13,content,chrf,0.2773803822156609
lucene,50,ActionGenie::a::7,content,context_precision_nonllm,0.033513513511837845
lucene,50,ActionGenie::a::7,content,context_recall_nonllm,0.04
lucene,50,AutoTuneForce::a::13,content,exact_match,0.0
lucene,50,AutoTuneForce::a::13,content,context_precision_nonllm,0.0
lucene,50,AutoTuneForce::a::13,content,bleu,0.014762323289306968
lucene,50,AutoTuneForce::a::13,content,string_presence,0.0
lucene,50,CollaborateForce::a::21,pr,context_recall_id,0.2
lucene,50,CollaborateForce::a::21,pr,context_precision_id,0.06
lucene,50,CollaborateForce::a::21,pr,bleu,0.07622544650012063
lucene,50,AutoTuneForce::a::13,content,context_recall_nonllm,0.0
lucene,50,VizForce::a::43,person,context_precision_nonllm,0.10376774410878968
lucene,50,CollaborateForce::a::21,pr,chrf,0.2794197645795093
lucene,50,CollaborateForce::a::21,pr,rouge,0.09589041095890412
lucene,50,CollaborateForce::a::21,pr,context_precision_nonllm,0.2222222222148148
lucene,50,CollaborateForce::a::21,pr,exact_match,0.0
lucene,50,CollaborateForce::a::21,pr,string_similarity,0.06375442739079107
lucene,50,CollaborateForce::a::21,pr,context_recall_nonllm,0.2
lucene,50,ConnectForce::a::14,content,context_precision_id,0.0
lucene,50,CollaborateForce::a::21,pr,string_presence,1.0
lucene,50,ConnectForce::a::14,content,context_recall_id,0.0
lucene,50,ConnectForce::a::14,content,string_similarity,0.046099290780141855
lucene,50,ConnectForce::a::14,content,chrf,0.0820278234550732
lucene,50,ConnectForce::a::14,content,rouge,0.014285714285714285
lucene,50,ConnectForce::a::14,content,context_precision_nonllm,0.0
lucene,50,ConnectForce::a::14,content,context_recall_nonllm,0.0
lucene,50,ConnectForce::a::14,content,bleu,0.0031261169871001165
lucene,50,ConnectForce::a::14,content,exact_match,0.0
lucene,50,ContentForce::a::16,content,context_precision_id,0.0
lucene,50,ContentForce::a::16,content,context_recall_id,0.0
lucene,50,ConnectForce::a::14,content,string_presence,0.0
lucene,50,ContentForce::a::16,content,string_similarity,0.06288032454361059
lucene,50,ContentForce::a::16,content,bleu,0.0
lucene,50,ContentForce::a::16,content,context_precision_nonllm,0.0
lucene,50,ContentForce::a::16,content,chrf,0.07555838625647886
lucene,50,ContentForce::a::16,content,rouge,0.0
lucene,50,ContentForce::a::16,content,context_recall_nonllm,0.0
lucene,50,EdgeForce::a::13,content,context_recall_id,0.13513513513513514
lucene,50,ContentForce::a::16,content,string_presence,0.0
lucene,50,VizForce::a::43,person,context_recall_nonllm,0.023622047244094488
lucene,50,ContentForce::a::16,content,exact_match,0.0
lucene,50,EdgeForce::a::13,content,string_similarity,0.24568138195777356
lucene,50,EdgeForce::a::13,content,context_precision_id,0.1
lucene,50,EdgeForce::a::13,content,bleu,0.027052291998561295
lucene,50,EdgeForce::a::13,content,exact_match,0.0
lucene,50,EdgeForce::a::13,content,context_precision_nonllm,0.12433092135783469
lucene,50,ExplainabilityForce::a::9,pr,context_recall_id,0.04081632653061224
lucene,50,EdgeForce::a::13,content,chrf,0.37763863387651786
lucene,50,EdgeForce::a::13,content,rouge,0.21
lucene,50,EdgeForce::a::13,content,string_presence,0.0
lucene,50,ExplainabilityForce::a::9,pr,string_similarity,0.07982261640798227
lucene,50,ExplainabilityForce::a::9,pr,context_precision_id,0.08
lucene,50,EdgeForce::a::13,content,context_recall_nonllm,0.13513513513513514
lucene,50,ExplainabilityForce::a::9,pr,bleu,0.0028549219317562406
lucene,50,ExplainabilityForce::a::9,pr,chrf,0.12288378039773037
lucene,50,ExplainabilityForce::a::9,pr,string_presence,0.0
lucene,50,ExplainabilityForce::a::9,pr,exact_match,0.0
lucene,50,FeedbackForce::a::7,content,context_precision_id,0.0
lucene,50,FeedbackForce::a::7,content,context_recall_id,0.0
lucene,50,ExplainabilityForce::a::9,pr,rouge,0.02531645569620253
lucene,50,FeedbackForce::a::7,content,string_similarity,0.1736694677871149
lucene,50,FeedbackForce::a::7,content,bleu,0.010367383681340681
lucene,50,FeedbackForce::a::7,content,rouge,0.09900990099009903
lucene,50,FeedbackForce::a::7,content,chrf,0.2353032084875626
lucene,50,FeedbackForce::a::7,content,exact_match,0.0
lucene,50,FeedbackForce::a::7,content,string_presence,0.0
lucene,50,FeedbackForce::a::7,content,context_precision_nonllm,0.0
lucene,50,FeedbackForce::a::7,content,context_recall_nonllm,0.0
lucene,50,FlowForce::a::13,content,context_recall_id,0.07407407407407407
lucene,50,ExplainabilityForce::a::9,pr,context_recall_nonllm,0.04081632653061224
lucene,50,FlowForce::a::13,content,context_precision_id,0.04
lucene,50,FlowForce::a::13,content,rouge,0.1297297297297297
lucene,50,FlowForce::a::13,content,chrf,0.3505986505283799
lucene,50,FlowForce::a::13,content,bleu,0.005970442224897621
lucene,50,FlowForce::a::13,content,string_similarity,0.20939734422880485
lucene,50,ForecastForce::a::26,content,context_precision_id,0.02
lucene,50,ExplainabilityForce::a::9,pr,context_precision_nonllm,0.42708333332265624
lucene,50,ForecastForce::a::26,content,context_recall_id,0.04
lucene,50,FlowForce::a::13,content,exact_match,0.0
lucene,50,FlowForce::a::13,content,string_presence,0.0
lucene,50,FlowForce::a::13,content,context_precision_nonllm,0.03194444444284722
lucene,50,FlowForce::a::13,content,context_recall_nonllm,0.07407407407407407
lucene,50,ForecastForce::a::26,content,context_precision_nonllm,0.22619047617916663
lucene,50,ForecastForce::a::26,content,bleu,0.0030879497565970086
lucene,50,ForecastForce::a::26,content,string_similarity,0.05069930069930073
lucene,50,ForecastForce::a::26,content,exact_match,0.0
lucene,50,ForecastForce::a::26,content,rouge,0.0
lucene,50,ForecastForce::a::26,content,context_recall_nonllm,0.04
lucene,50,ForecastForce::a::26,content,chrf,0.07127376006287846
lucene,50,ForecastForce::a::26,content,string_presence,0.0
lucene,50,InsightForce::a::7,content,context_recall_id,0.025
lucene,50,InsightForce::a::7,content,bleu,0.13202108235884172
lucene,50,InsightForce::a::7,content,context_precision_id,0.02
lucene,50,InsightForce::a::7,content,string_similarity,0.16697247706422014
lucene,50,KnowledgeForce::a::15,content,context_precision_id,0.26
lucene,50,InsightForce::a::7,content,chrf,0.3609038067236602
lucene,50,InsightForce::a::7,content,string_presence,0.0
lucene,50,InsightForce::a::7,content,exact_match,0.0
lucene,50,InsightForce::a::7,content,rouge,0.1967213114754098
lucene,50,KnowledgeForce::a::15,content,string_similarity,0.17329737019554958
lucene,50,KnowledgeForce::a::15,content,context_recall_id,0.18309859154929578
lucene,50,KnowledgeForce::a::15,content,bleu,0.01434856185430745
lucene,50,InsightForce::a::7,content,context_recall_nonllm,0.025
lucene,50,KnowledgeForce::a::15,content,chrf,0.3314694682404674
lucene,50,KnowledgeForce::a::15,content,rouge,0.23754789272030652
lucene,50,InsightForce::a::7,content,context_precision_nonllm,0.03225806451290322
lucene,50,KnowledgeForce::a::15,content,string_presence,0.0
lucene,50,LeadForce::a::20,pr,context_precision_id,0.04
lucene,50,KnowledgeForce::a::15,content,exact_match,0.0
lucene,50,LeadForce::a::20,pr,context_recall_id,0.14285714285714285
lucene,50,LeadForce::a::20,pr,bleu,0.008321783954793126
lucene,50,KnowledgeForce::a::15,content,context_recall_nonllm,0.18309859154929578
lucene,50,LeadForce::a::20,pr,chrf,0.24379374573286947
lucene,50,LeadForce::a::20,pr,rouge,0.10619469026548672
lucene,50,LeadForce::a::20,pr,string_similarity,0.05643994211287984
lucene,50,LeadForce::a::20,pr,exact_match,0.0
lucene,50,LeadForce::a::20,pr,string_presence,0.0
lucene,50,MonitorForce::a::18,content,context_precision_id,0.1
lucene,50,LeadForce::a::20,pr,context_precision_nonllm,0.09126984126527778
lucene,50,MonitorForce::a::18,content,context_recall_nonllm,0.35714285714285715
lucene,50,MonitorForce::a::18,content,context_precision_nonllm,0.4022141146946561
lucene,50,MonitorForce::a::18,content,bleu,0.0
lucene,50,LeadForce::a::20,pr,context_recall_nonllm,0.14285714285714285
lucene,50,MonitorForce::a::18,content,string_similarity,0.07954545454545459
lucene,50,MonitorForce::a::18,content,context_recall_id,0.35714285714285715
lucene,50,MonitorForce::a::18,content,rouge,0.07017543859649124
lucene,50,KnowledgeForce::a::15,content,context_precision_nonllm,0.4172533830504689
lucene,50,MonitorForce::a::18,content,chrf,0.12368928116721971
lucene,50,MonitorForce::a::18,content,string_presence,0.0
lucene,50,MonitorForce::a::18,content,exact_match,0.0
lucene,50,PersonalizeForce::a::34,pr,context_precision_id,0.08
lucene,50,PersonalizeForce::a::34,pr,context_recall_id,0.0975609756097561
lucene,50,PersonalizeForce::a::34,pr,string_similarity,0.10285714285714287
lucene,50,PersonalizeForce::a::34,pr,bleu,0.0
lucene,50,PersonalizeForce::a::34,pr,chrf,0.16304427132139707
lucene,50,PersonalizeForce::a::34,pr,rouge,0.033057851239669415
lucene,50,PitchForce::a::27,person,context_precision_id,0.08
lucene,50,PersonalizeForce::a::34,pr,exact_match,0.0
lucene,50,PersonalizeForce::a::34,pr,string_presence,0.0
lucene,50,PitchForce::a::27,person,context_recall_id,0.07692307692307693
lucene,50,PersonalizeForce::a::34,pr,context_precision_nonllm,0.5116447450731094
lucene,50,PersonalizeForce::a::34,pr,context_recall_nonllm,0.0975609756097561
lucene,50,PitchForce::a::27,person,string_similarity,0.07942238267148016
lucene,50,PitchForce::a::27,person,rouge,0.15
lucene,50,PitchForce::a::27,person,bleu,0.03895172954113247
lucene,50,PitchForce::a::27,person,chrf,0.17016014412205874
lucene,50,PitchForce::a::27,person,exact_match,0.0
lucene,50,ProposalForce::a::20,content,context_recall_id,0.04
lucene,50,PitchForce::a::27,person,string_presence,0.0
lucene,50,ProposalForce::a::20,content,string_similarity,0.10962821734985706
lucene,50,ProposalForce::a::20,content,bleu,0.0031485917712703515
lucene,50,ProposalForce::a::20,content,context_precision_id,0.02
lucene,50,PitchForce::a::27,person,context_recall_nonllm,0.07692307692307693
lucene,50,ProposalForce::a::20,content,context_recall_nonllm,0.04
lucene,50,ProposalForce::a::20,content,rouge,0.06382978723404255
lucene,50,PitchForce::a::27,person,context_precision_nonllm,0.3595695970606078
lucene,50,ProposalForce::a::20,content,chrf,0.1645033662274545
lucene,50,ProposalForce::a::20,content,string_presence,0.0
lucene,50,ProposalForce::a::20,content,context_precision_nonllm,0.11111111109999999
lucene,50,ProposalForce::a::20,content,exact_match,0.0
lucene,50,SentimentForce::a::27,content,context_precision_id,0.02
lucene,50,SentimentForce::a::27,content,context_recall_id,0.04
lucene,50,SentimentForce::a::27,content,chrf,0.07364245910959494
lucene,50,SentimentForce::a::27,content,string_similarity,0.048034934497816595
lucene,50,SentimentForce::a::27,content,bleu,0.01123099644603982
lucene,50,SentimentForce::a::27,content,rouge,0.015267175572519083
lucene,50,SentimentForce::a::27,content,context_precision_nonllm,0.07142857142142857
lucene,50,SentimentForce::a::27,content,context_recall_nonllm,0.04
lucene,50,SentimentForce::a::27,content,exact_match,0.0
lucene,50,SummarizeForce::a::24,content,context_precision_id,0.04
lucene,50,SummarizeForce::a::24,content,context_recall_id,0.16666666666666666
lucene,50,SentimentForce::a::27,content,string_presence,0.0
lucene,50,SummarizeForce::a::24,content,context_precision_nonllm,0.6359375472954024
lucene,50,SummarizeForce::a::24,content,bleu,0.0
lucene,50,SummarizeForce::a::24,content,context_recall_nonllm,0.16666666666666666
lucene,50,SummarizeForce::a::24,content,string_similarity,0.04664179104477617
lucene,50,SummarizeForce::a::24,content,exact_match,0.0
lucene,50,SummarizeForce::a::24,content,chrf,0.07409321256788909
lucene,50,SummarizeForce::a::24,content,rouge,0.0
lucene,50,SummarizeForce::a::24,content,string_presence,0.0
lucene,50,CollaborateForce::a::31,content,bleu,0.013787300115244054
lucene,50,CollaborateForce::a::31,content,context_recall_id,0.07142857142857142
lucene,50,CollaborateForce::a::31,content,chrf,0.19934959230278435
lucene,50,CollaborateForce::a::31,content,rouge,0.047619047619047616
lucene,50,CollaborateForce::a::31,content,context_precision_id,0.02
lucene,50,CollaborateForce::a::31,content,string_similarity,0.16766467065868262
lucene,50,CollaborateForce::a::31,content,context_precision_nonllm,0.4825521700473445
lucene,50,CollaborateForce::a::31,content,context_recall_nonllm,0.07142857142857142
lucene,50,CollaborateForce::a::31,content,exact_match,0.0
lucene,50,ConnectForce::a::15,content,context_precision_id,0.04
lucene,50,CollaborateForce::a::31,content,string_presence,0.0
lucene,50,ConnectForce::a::15,content,context_recall_id,0.14285714285714285
lucene,50,ConnectForce::a::15,content,rouge,0.019047619047619046
lucene,50,ConnectForce::a::15,content,chrf,0.08414365891503423
lucene,50,ConnectForce::a::15,content,bleu,0.0
lucene,50,ConnectForce::a::15,content,context_precision_nonllm,0.6485380116829357
lucene,50,ConnectForce::a::15,content,context_recall_nonllm,0.14285714285714285
lucene,50,ConnectForce::a::15,content,exact_match,0.0
lucene,50,ConnectForce::a::15,content,string_similarity,0.04166666666666663
lucene,50,ConnectForce::a::15,content,string_presence,0.0
lucene,50,ContentForce::a::17,content,context_recall_id,0.14285714285714285
lucene,50,ContentForce::a::17,content,context_precision_id,0.04
lucene,50,ContentForce::a::17,content,chrf,0.13681475144239497
lucene,50,ContentForce::a::17,content,string_similarity,0.09523809523809523
lucene,50,ContentForce::a::17,content,context_recall_nonllm,0.14285714285714285
lucene,50,ContentForce::a::17,content,context_precision_nonllm,0.3993350834012533
lucene,50,ContentForce::a::17,content,string_presence,0.0
lucene,50,ContentForce::a::17,content,exact_match,0.0
lucene,50,EdgeForce::a::14,content,context_precision_id,0.02
lucene,50,ContentForce::a::17,content,rouge,0.061224489795918366
lucene,50,ContentForce::a::17,content,bleu,0.026440681349450875
lucene,50,EdgeForce::a::14,content,context_recall_id,0.02127659574468085
lucene,50,EdgeForce::a::14,content,string_similarity,0.239612188365651
lucene,50,EdgeForce::a::14,content,bleu,0.026490479923536404
lucene,50,EdgeForce::a::14,content,rouge,0.196078431372549
lucene,50,EdgeForce::a::14,content,chrf,0.36226921432115816
lucene,50,ExplainabilityForce::a::11,pr,context_precision_id,0.12
lucene,50,EdgeForce::a::14,content,exact_match,0.0
lucene,50,ExplainabilityForce::a::11,pr,context_recall_id,0.23076923076923078
lucene,50,EdgeForce::a::14,content,string_presence,0.0
lucene,50,ExplainabilityForce::a::11,pr,string_similarity,0.044238683127572065
lucene,50,ExplainabilityForce::a::11,pr,bleu,0.014445809981770858
lucene,50,ExplainabilityForce::a::11,pr,rouge,0.07947019867549669
lucene,50,EdgeForce::a::14,content,context_precision_nonllm,0.034355179702299156
lucene,50,ExplainabilityForce::a::11,pr,context_precision_nonllm,0.382309941514096
lucene,50,EdgeForce::a::14,content,context_recall_nonllm,0.0425531914893617
lucene,50,ExplainabilityForce::a::11,pr,exact_match,0.0
lucene,50,ExplainabilityForce::a::11,pr,context_recall_nonllm,0.23076923076923078
lucene,50,ExplainabilityForce::a::11,pr,chrf,0.20040262090414218
lucene,50,ExplainabilityForce::a::11,pr,string_presence,0.0
lucene,50,FeedbackForce::a::12,content,context_precision_id,0.02
lucene,50,FeedbackForce::a::12,content,context_recall_id,0.043478260869565216
lucene,50,FeedbackForce::a::12,content,string_similarity,0.06216931216931221
lucene,50,FeedbackForce::a::12,content,context_precision_nonllm,0.14285714284285714
lucene,50,FeedbackForce::a::12,content,exact_match,0.0
lucene,50,FeedbackForce::a::12,content,chrf,0.1256837886754071
lucene,50,FeedbackForce::a::12,content,bleu,0.0035843445123956296
lucene,50,InsightForce::a::8,content,context_precision_id,0.06
lucene,50,FeedbackForce::a::12,content,string_presence,0.0
lucene,50,InsightForce::a::8,content,context_recall_id,0.03529411764705882
lucene,50,FeedbackForce::a::12,content,rouge,0.03225806451612903
lucene,50,InsightForce::a::8,content,bleu,0.0
lucene,50,FeedbackForce::a::12,content,context_recall_nonllm,0.043478260869565216
lucene,50,InsightForce::a::8,content,string_presence,0.0
lucene,50,InsightForce::a::8,content,chrf,0.2437382784408237
lucene,50,InsightForce::a::8,content,string_similarity,0.12712975098296198
lucene,50,InsightForce::a::8,content,rouge,0.11965811965811966
lucene,50,InsightForce::a::8,content,exact_match,0.0
lucene,50,LeadForce::a::28,content,context_precision_nonllm,0.5767075517011439
lucene,50,LeadForce::a::28,content,context_recall_id,0.06666666666666667
lucene,50,InsightForce::a::8,content,context_precision_nonllm,0.38666666665377775
lucene,50,LeadForce::a::28,content,context_precision_id,0.02
lucene,50,LeadForce::a::28,content,context_recall_nonllm,0.06666666666666667
lucene,50,LeadForce::a::28,content,string_similarity,0.04761904761904767
lucene,50,LeadForce::a::28,content,chrf,0.07145565998080018
lucene,50,LeadForce::a::28,content,rouge,0.05333333333333333
lucene,50,LeadForce::a::28,content,exact_match,0.0
lucene,50,LeadForce::a::28,content,bleu,0.0
lucene,50,InsightForce::a::8,content,context_recall_nonllm,0.03529411764705882
lucene,50,LeadForce::a::28,content,string_presence,0.0
lucene,50,MonitorForce::a::19,content,string_similarity,0.08811475409836067
lucene,50,MonitorForce::a::19,content,context_precision_id,0.08
lucene,50,MonitorForce::a::19,content,context_recall_id,0.3076923076923077
lucene,50,MonitorForce::a::19,content,bleu,0.0
lucene,50,MonitorForce::a::19,content,rouge,0.023255813953488372
lucene,50,MonitorForce::a::19,content,exact_match,0.0
lucene,50,MonitorForce::a::19,content,chrf,0.12323387310622907
lucene,50,MonitorForce::a::19,content,context_precision_nonllm,0.41117564000076956
lucene,50,MonitorForce::a::19,content,context_recall_nonllm,0.3076923076923077
lucene,50,MonitorForce::a::19,content,string_presence,0.0
lucene,50,SentimentForce::a::29,content,context_recall_id,0.08
lucene,50,SentimentForce::a::29,content,context_precision_id,0.04
lucene,50,SentimentForce::a::29,content,rouge,0.03076923076923077
lucene,50,SentimentForce::a::29,content,bleu,0.006323423276314544
lucene,50,SentimentForce::a::29,content,context_recall_nonllm,0.08
lucene,50,SentimentForce::a::29,content,string_similarity,0.06658446362515413
lucene,50,SentimentForce::a::29,content,chrf,0.08778241004126486
lucene,50,SentimentForce::a::29,content,context_precision_nonllm,0.0747282608658288
lucene,50,SentimentForce::a::29,content,string_presence,0.0
lucene,50,FeedbackForce::a::16,content,context_precision_id,0.08
lucene,50,SentimentForce::a::29,content,exact_match,0.0
lucene,50,FeedbackForce::a::16,content,context_recall_id,0.25
lucene,50,FeedbackForce::a::16,content,bleu,0.0
lucene,50,FeedbackForce::a::16,content,string_similarity,0.01151631477927062
lucene,50,FeedbackForce::a::16,content,context_recall_nonllm,0.25
lucene,50,FeedbackForce::a::16,content,rouge,0.0
lucene,50,FeedbackForce::a::16,content,context_precision_nonllm,0.5602383811690299
lucene,50,FeedbackForce::a::16,content,chrf,0.011678239144414883
lucene,50,FeedbackForce::a::16,content,exact_match,0.0
lucene,50,FeedbackForce::a::18,content,context_recall_id,0.26666666666666666
lucene,50,FeedbackForce::a::16,content,string_presence,0.0
lucene,50,FeedbackForce::a::18,content,context_precision_id,0.08
lucene,50,FeedbackForce::a::18,content,context_precision_nonllm,0.5602383811690299
lucene,50,FeedbackForce::a::18,content,bleu,0.0
lucene,50,FeedbackForce::a::18,content,string_similarity,0.0821917808219178
lucene,50,FeedbackForce::a::18,content,context_recall_nonllm,0.26666666666666666
lucene,50,FeedbackForce::a::18,content,rouge,0.05128205128205128
lucene,50,FeedbackForce::a::18,content,chrf,0.13914586759354125
lucene,50,FeedbackForce::a::18,content,string_presence,0.0
lucene,50,ActionGenie::a::1,person,context_recall_id,0.11764705882352941
lucene,50,ActionGenie::a::1,person,context_precision_id,0.04
lucene,50,FeedbackForce::a::18,content,exact_match,0.0
lucene,50,ActionGenie::a::1,person,string_similarity,0.08158220024721874
lucene,50,ActionGenie::a::1,person,string_presence,0.0
lucene,50,ActionGenie::a::1,person,chrf,0.09661928692158721
lucene,50,ActionGenie::a::1,person,bleu,0.02771450089816766
lucene,50,ActionGenie::a::1,person,rouge,0.041666666666666664
lucene,50,ActionGenie::a::1,person,context_recall_nonllm,0.23529411764705882
lucene,50,ActionGenie::a::1,person,context_precision_nonllm,0.06963147532740896
lucene,50,AnomalyForce::a::1,content,context_recall_id,0.15384615384615385
lucene,50,AnomalyForce::a::1,content,context_precision_id,0.04
lucene,50,ActionGenie::a::1,person,exact_match,0.0
lucene,50,AnomalyForce::a::1,content,rouge,0.12371134020618556
lucene,50,AnomalyForce::a::1,content,context_precision_nonllm,0.2228696863581947
lucene,50,AnomalyForce::a::1,content,bleu,0.02072319473599266
lucene,50,AnomalyForce::a::1,content,string_similarity,0.19727177334732426
lucene,50,AnomalyForce::a::1,content,chrf,0.2904437323920372
lucene,50,AnomalyForce::a::1,content,exact_match,0.0
lucene,50,AnomalyForce::a::1,content,context_recall_nonllm,0.15384615384615385
lucene,50,AutoTuneForce::a::1,person,context_recall_id,0.0
lucene,50,AutoTuneForce::a::1,person,context_precision_id,0.0
lucene,50,AnomalyForce::a::1,content,string_presence,0.0
lucene,50,AutoTuneForce::a::1,person,string_similarity,0.057835820895522416
lucene,50,AutoTuneForce::a::1,person,chrf,0.08224875695236374
lucene,50,AutoTuneForce::a::1,person,exact_match,0.0
lucene,50,AutoTuneForce::a::1,person,rouge,0.06666666666666667
lucene,50,AutoTuneForce::a::1,person,bleu,0.0
lucene,50,AutoTuneForce::a::1,person,string_presence,0.0
lucene,50,AutoTuneForce::a::1,person,context_precision_nonllm,0.0
lucene,50,CoachForce::a::0,person,context_recall_id,0.11764705882352941
lucene,50,CoachForce::a::0,person,context_precision_id,0.04
lucene,50,AutoTuneForce::a::1,person,context_recall_nonllm,0.0
lucene,50,CoachForce::a::0,person,exact_match,0.0
lucene,50,CoachForce::a::0,person,bleu,0.0
lucene,50,CoachForce::a::0,person,chrf,0.050568784070270476
lucene,50,CoachForce::a::0,person,string_similarity,0.08056872037914697
lucene,50,CoachForce::a::0,person,rouge,0.0
lucene,50,CoachForce::a::0,person,string_presence,0.0
lucene,50,CollaborateForce::a::0,content,context_precision_id,0.02
lucene,50,CollaborateForce::a::0,content,context_recall_id,0.08333333333333333
lucene,50,CollaborateForce::a::0,content,rouge,0.27472527472527475
lucene,50,CollaborateForce::a::0,content,context_precision_nonllm,0.2591644111011787
lucene,50,CollaborateForce::a::0,content,bleu,0.00504104192727478
lucene,50,CollaborateForce::a::0,content,string_similarity,0.28740581270182997
lucene,50,CollaborateForce::a::0,content,context_recall_nonllm,0.08333333333333333
lucene,50,CoachForce::a::0,person,context_precision_nonllm,0.03441734417172087
lucene,50,CollaborateForce::a::0,content,string_presence,0.0
lucene,50,CollaborateForce::a::0,content,exact_match,0.0
lucene,50,CollaborateForce::a::0,content,chrf,0.5127737574902851
lucene,50,CollaborationForce::a::0,person,context_precision_id,0.0
lucene,50,CollaborationForce::a::0,person,context_recall_id,0.0
lucene,50,CollaborationForce::a::0,person,string_similarity,0.06545064377682408
lucene,50,CoachForce::a::0,person,context_recall_nonllm,0.17647058823529413
lucene,50,CollaborationForce::a::0,person,bleu,0.0023033405166070563
lucene,50,CollaborationForce::a::0,person,chrf,0.049645202590900696
lucene,50,CollaborationForce::a::0,person,string_presence,0.0
lucene,50,CollaborationForce::a::0,person,exact_match,0.0
lucene,50,CollaborationForce::a::0,person,rouge,0.0
lucene,50,ConnectForce::a::0,person,context_recall_id,0.05555555555555555
lucene,50,ConnectForce::a::0,person,bleu,0.0
lucene,50,ConnectForce::a::0,person,rouge,0.0
lucene,50,ConnectForce::a::0,person,string_similarity,0.10745614035087714
lucene,50,CollaborationForce::a::0,person,context_recall_nonllm,0.0
lucene,50,ConnectForce::a::0,person,exact_match,0.0
lucene,50,ConnectForce::a::0,person,context_precision_id,0.02
lucene,50,ConnectForce::a::0,person,chrf,0.06026160248727173
lucene,50,ContentForce::a::0,content,context_precision_id,0.02
lucene,50,ContentForce::a::0,content,context_recall_id,0.08333333333333333
lucene,50,CollaborationForce::a::0,person,context_precision_nonllm,0.0
lucene,50,ContentForce::a::0,content,string_similarity,0.2534090909090909
lucene,50,ConnectForce::a::0,person,context_recall_nonllm,0.16666666666666666
lucene,50,ContentForce::a::0,content,bleu,0.04648592683350958
lucene,50,ConnectForce::a::0,person,string_presence,0.0
lucene,50,ConnectForce::a::0,person,context_precision_nonllm,0.03703703703333333
lucene,50,ContentForce::a::0,content,context_precision_nonllm,0.4072103540453548
lucene,50,ContentForce::a::0,content,context_recall_nonllm,0.08333333333333333
lucene,50,ContentForce::a::0,content,chrf,0.46399594243672765
lucene,50,ContextForce::a::0,person,context_precision_id,0.0
lucene,50,ContentForce::a::0,content,rouge,0.2433862433862434
lucene,50,ContentForce::a::0,content,string_presence,0.0
lucene,50,ContentForce::a::0,content,exact_match,0.0
lucene,50,ContextForce::a::0,person,string_similarity,0.04047619047619044
lucene,50,ContextForce::a::0,person,context_recall_id,0.0
lucene,50,ContextForce::a::0,person,chrf,0.06033152558256758
lucene,50,ContextForce::a::0,person,exact_match,0.0
lucene,50,ContextForce::a::0,person,bleu,0.0
lucene,50,ContextForce::a::0,person,rouge,0.05714285714285715
lucene,50,ContextForce::a::0,person,string_presence,0.0
lucene,50,EdgeForce::a::0,person,context_recall_id,0.07142857142857142
lucene,50,EdgeForce::a::0,person,bleu,0.0
lucene,50,EdgeForce::a::0,person,string_similarity,0.031331592689295085
lucene,50,EdgeForce::a::0,person,context_precision_id,0.02
lucene,50,EdgeForce::a::0,person,rouge,0.0
lucene,50,EdgeForce::a::0,person,chrf,0.02932117933571959
lucene,50,ContextForce::a::0,person,context_recall_nonllm,0.07142857142857142
lucene,50,EdgeForce::a::0,person,string_presence,0.0
lucene,50,ExplainabilityForce::a::0,person,context_precision_id,0.04
lucene,50,EdgeForce::a::0,person,exact_match,0.0
lucene,50,ContextForce::a::0,person,context_precision_nonllm,0.02083333333125
lucene,50,EdgeForce::a::0,person,context_precision_nonllm,0.0427334943625047
lucene,50,ExplainabilityForce::a::0,person,string_similarity,0.050986842105263164
lucene,50,ExplainabilityForce::a::0,person,context_recall_id,0.11764705882352941
lucene,50,EdgeForce::a::0,person,context_recall_nonllm,0.07142857142857142
lucene,50,ExplainabilityForce::a::0,person,bleu,0.007252854126424073
lucene,50,ExplainabilityForce::a::0,person,exact_match,0.0
lucene,50,ExplainabilityForce::a::0,person,chrf,0.05185804170436909
lucene,50,ExplainabilityForce::a::0,person,string_presence,0.0
lucene,50,FeedbackForce::a::0,person,string_similarity,0.07087628865979378
lucene,50,ExplainabilityForce::a::0,person,rouge,0.018691588785046728
lucene,50,FeedbackForce::a::0,person,context_precision_id,0.0
lucene,50,FeedbackForce::a::0,person,context_recall_id,0.0
lucene,50,FeedbackForce::a::0,person,bleu,0.0
lucene,50,ExplainabilityForce::a::0,person,context_recall_nonllm,0.17647058823529413
lucene,50,FeedbackForce::a::0,person,chrf,0.05240715485485616
lucene,50,FeedbackForce::a::0,person,context_recall_nonllm,0.0
lucene,50,FeedbackForce::a::0,person,string_presence,0.0
lucene,50,FeedbackForce::a::0,person,rouge,0.0
lucene,50,FeedbackForce::a::0,person,exact_match,0.0
lucene,50,FeedbackForce::a::0,person,context_precision_nonllm,0.0
lucene,50,ExplainabilityForce::a::0,person,context_precision_nonllm,0.08881578946924341
lucene,50,AnomalyForce::a::0,content,semantic_similarity,0.47639431852252756
lucene,50,ActionGenie::a::0,person,semantic_similarity,0.194908141426044
lucene,50,AutoTuneForce::a::0,person,semantic_similarity,0.2682034015434153
lucene,50,AnomalyForce::a::0,content,context_recall_llm,0.0
lucene,50,ActionGenie::a::0,person,context_recall_llm,0.0
lucene,50,CoachForce::a::5,pr,semantic_similarity,0.32822361203817907
lucene,50,AutoTuneForce::a::0,person,context_recall_llm,0.0
lucene,50,AutoTuneForce::a::0,person,faithfulness,0.8333333333333334
lucene,50,AutoTuneForce::a::0,person,answer_correctness,0.06705085038585383
lucene,50,CollaborateForce::a::1,content,semantic_similarity,0.48223246119698854
lucene,50,ActionGenie::a::0,person,faithfulness,1.0
lucene,50,ActionGenie::a::0,person,answer_correctness,0.048727035356511
lucene,50,CollaborationForce::a::6,pr,semantic_similarity,0.4760282489351331
lucene,50,CollaborateForce::a::1,content,context_recall_llm,1.0
lucene,50,ConnectForce::a::5,pr,semantic_similarity,0.30798566019191
lucene,50,CollaborateForce::a::1,content,faithfulness,0.75
lucene,50,ContentForce::a::2,content,semantic_similarity,0.3191975446613452
lucene,50,CollaborationForce::a::6,pr,context_recall_llm,0.5
lucene,50,CoachForce::a::5,pr,answer_correctness,0.08205590300954477
lucene,50,ConnectForce::a::5,pr,context_recall_llm,0.0
lucene,50,ContextForce::a::1,person,semantic_similarity,0.25587943436764377
lucene,50,CollaborationForce::a::6,pr,faithfulness,1.0
lucene,50,CollaborationForce::a::6,pr,answer_correctness,0.4047213479480689
lucene,50,ContentForce::a::2,content,context_recall_llm,0.0
lucene,50,EdgeForce::a::2,person,semantic_similarity,0.2720982572735271
lucene,50,ContentForce::a::2,content,faithfulness,1.0
lucene,50,ConnectForce::a::5,pr,answer_correctness,0.0769964150479775
lucene,50,ConnectForce::a::5,pr,faithfulness,1.0
lucene,50,ExplainabilityForce::a::6,pr,semantic_similarity,0.41281715797631846
lucene,50,ContextForce::a::1,person,context_recall_llm,0.0
lucene,50,ContentForce::a::2,content,answer_correctness,0.0797993861653363
lucene,50,ContextForce::a::1,person,faithfulness,0.8571428571428571
lucene,50,FeedbackForce::a::5,content,semantic_similarity,0.4570778214578507
lucene,50,ExplainabilityForce::a::6,pr,context_recall_llm,0.0
lucene,50,EdgeForce::a::2,person,faithfulness,1.0
lucene,50,EdgeForce::a::2,person,context_recall_llm,0.0
lucene,50,FlowForce::a::3,person,semantic_similarity,0.2096092244449262
lucene,50,ContextForce::a::1,person,answer_correctness,0.06396985859191094
lucene,50,EdgeForce::a::2,person,answer_correctness,0.06802456431838177
lucene,50,FeedbackForce::a::5,content,context_recall_llm,0.42857142857142855
lucene,50,ForecastForce::a::4,content,semantic_similarity,0.38422119266809623
lucene,50,ExplainabilityForce::a::6,pr,faithfulness,0.8461538461538461
lucene,50,FlowForce::a::3,person,context_recall_llm,0.0
lucene,50,FeedbackForce::a::5,content,answer_correctness,0.11426945536446267
lucene,50,InsightForce::a::5,content,semantic_similarity,0.4479318480530651
lucene,50,ForecastForce::a::4,content,context_recall_llm,0.0
lucene,50,ForecastForce::a::4,content,faithfulness,0.7777777777777778
lucene,50,ExplainabilityForce::a::6,pr,answer_correctness,0.10320428949407962
lucene,50,FlowForce::a::3,person,answer_correctness,0.05240230611123155
lucene,50,KnowledgeForce::a::4,content,semantic_similarity,0.5209161310627803
lucene,50,FlowForce::a::3,person,faithfulness,1.0
lucene,50,FeedbackForce::a::5,content,faithfulness,0.9333333333333333
lucene,50,LeadForce::a::5,content,semantic_similarity,0.2939328940658564
lucene,50,InsightForce::a::5,content,context_recall_llm,1.0
lucene,50,KnowledgeForce::a::4,content,context_recall_llm,1.0
lucene,50,ForecastForce::a::4,content,answer_correctness,0.09605529816702406
lucene,50,MonitorForce::a::5,pr,semantic_similarity,0.3958355256801602
lucene,50,KnowledgeForce::a::4,content,faithfulness,1.0
lucene,50,LeadForce::a::5,content,context_recall_llm,0.5
lucene,50,MonitorForce::a::5,pr,context_recall_llm,0.0
lucene,50,PersonalizeForce::a::7,content,semantic_similarity,0.43673530138932304
lucene,50,MonitorForce::a::5,pr,faithfulness,1.0
lucene,50,PersonalizeForce::a::7,content,faithfulness,1.0
lucene,50,PitchForce::a::6,content,semantic_similarity,0.3007434773557126
lucene,50,LeadForce::a::5,content,faithfulness,1.0
lucene,50,InsightForce::a::5,content,faithfulness,1.0
lucene,50,KnowledgeForce::a::4,content,answer_correctness,0.4516576041942665
lucene,50,ProposalForce::a::11,content,semantic_similarity,0.314782004353212
lucene,50,PersonalizeForce::a::7,content,context_recall_llm,0.0
lucene,50,PitchForce::a::6,content,context_recall_llm,0.0
lucene,50,PersonalizeForce::a::7,content,answer_correctness,0.10918382534733076
lucene,50,SearchFlow::a::12,content,semantic_similarity,0.6906970080990061
lucene,50,PitchForce::a::6,content,faithfulness,1.0
lucene,50,LeadForce::a::5,content,answer_correctness,0.0734832235164641
lucene,50,ProposalForce::a::11,content,context_recall_llm,0.0
lucene,50,SearchForce::a::7,company,semantic_similarity,0.11429156733134775
lucene,50,SearchFlow::a::12,content,context_recall_llm,0.3333333333333333
lucene,50,PitchForce::a::6,content,answer_correctness,0.07518586933892815
lucene,50,SearchFlow::a::12,content,faithfulness,1.0
lucene,50,SecurityForce::a::7,content,semantic_similarity,0.6973619835154612
lucene,50,SearchForce::a::7,company,context_recall_llm,0.0
lucene,50,MonitorForce::a::5,pr,answer_correctness,0.38020888142004
lucene,50,SecurityForce::a::7,content,faithfulness,1.0
lucene,50,SentimentForce::a::8,person,semantic_similarity,0.2626635575482227
lucene,50,ProposalForce::a::11,content,answer_correctness,0.078695501088303
lucene,50,SearchForce::a::7,company,faithfulness,1.0
lucene,50,SearchForce::a::7,company,answer_correctness,0.028572891832836938
lucene,50,SummarizeForce::a::11,person,semantic_similarity,0.2255413791762181
lucene,50,SecurityForce::a::7,content,context_recall_llm,0.3333333333333333
lucene,50,SearchFlow::a::12,content,answer_correctness,0.5256154284953398
lucene,50,SentimentForce::a::8,person,context_recall_llm,0.0
lucene,50,SupportForce::a::5,content,semantic_similarity,0.15938062514419124
lucene,50,SentimentForce::a::8,person,faithfulness,0.8571428571428571
lucene,50,ProposalForce::a::11,content,faithfulness,1.0
lucene,50,SummarizeForce::a::11,person,context_recall_llm,0.6
lucene,50,TrendForce::a::9,company,semantic_similarity,0.20113209210162722
lucene,50,SummarizeForce::a::11,person,faithfulness,1.0
lucene,50,SupportForce::a::5,content,context_recall_llm,0.0
lucene,50,SentimentForce::a::8,person,answer_correctness,0.06566588938705567
lucene,50,VizForce::a::16,url,semantic_similarity,0.3619379203087211
lucene,50,SummarizeForce::a::11,person,answer_correctness,0.45638534479405457
lucene,50,TrendForce::a::9,company,context_recall_llm,0.0
lucene,50,SecurityForce::a::7,content,answer_correctness,0.6516132231515925
lucene,50,WorkFlowGenie::a::11,pr,semantic_similarity,0.4589920078414015
lucene,50,VizForce::a::16,url,context_recall_llm,0.0
lucene,50,SupportForce::a::5,content,faithfulness,1.0
lucene,50,TrendForce::a::9,company,answer_correctness,0.050283023025406805
lucene,50,ActionGenie::a::5,content,semantic_similarity,0.4830970994710392
lucene,50,WorkFlowGenie::a::11,pr,context_recall_llm,0.0
lucene,50,TrendForce::a::9,company,faithfulness,0.7272727272727273
lucene,50,SupportForce::a::5,content,answer_correctness,0.03984515628604781
lucene,50,AnomalyForce::a::17,person,semantic_similarity,0.34827404337918144
lucene,50,WorkFlowGenie::a::11,pr,faithfulness,0.9375
lucene,50,VizForce::a::16,url,answer_correctness,0.09048448007718027
lucene,50,ActionGenie::a::5,content,context_recall_llm,0.4
lucene,50,AutoTuneForce::a::12,content,semantic_similarity,0.3501248116811652
lucene,50,AnomalyForce::a::17,person,context_recall_llm,0.0
lucene,50,WorkFlowGenie::a::11,pr,answer_correctness,0.18974800196035038
lucene,50,CoachForce::a::11,pr,semantic_similarity,0.3699044537806917
lucene,50,CollaborateForce::a::19,pr,semantic_similarity,0.4622869039434622
lucene,50,CollaborationForce::a::12,content,semantic_similarity,0.32806034919635063
lucene,50,ConnectForce::a::7,pr,semantic_similarity,0.24728579289050187
lucene,50,ContentForce::a::11,content,semantic_similarity,0.2172269238448995
lucene,50,ContextForce::a::22,person,semantic_similarity,0.3156499164615345
lucene,50,EdgeForce::a::12,content,semantic_similarity,0.5827677020028016
lucene,50,ActionGenie::a::5,content,faithfulness,0.8571428571428571
lucene,50,VizForce::a::16,url,faithfulness,0.875
lucene,50,ExplainabilityForce::a::7,pr,semantic_similarity,0.3719409964223437
lucene,50,FeedbackForce::a::6,content,semantic_similarity,0.43213963125162896
lucene,50,FlowForce::a::12,content,semantic_similarity,0.3078495702518502
lucene,50,ForecastForce::a::24,company,semantic_similarity,0.26633360292043107
lucene,50,InsightForce::a::6,content,semantic_similarity,0.6263345391236533
lucene,50,KnowledgeForce::a::14,content,semantic_similarity,0.5708849871915918
lucene,50,LeadForce::a::13,pr,semantic_similarity,0.40427641402846654
lucene,50,MonitorForce::a::16,company,semantic_similarity,0.1770586966455991
lucene,50,PersonalizeForce::a::24,company,semantic_similarity,0.12416752387955443
lucene,50,PitchForce::a::25,person,semantic_similarity,0.269308439818853
lucene,50,ProposalForce::a::17,content,semantic_similarity,0.6508258359981431
